问题,标准回答,引用位置来源1,引用位置来源2,引用位置来源3,引用位置来源4,引用位置来源5
金盘科技的主要业务是什么,公司专注于变压器系列、成套系列、储能系列等产品的研发、生产及销售 。,,,,,
金盘科技的股票代码是多少,股票代码为 688676 ,,,,,
金盘科技的法定代表人是谁,公司的法定代表人是李辉,,,,,
金盘科技2025年前三季度的营业收入是多少,"2025年1-9月，公司实现营业收入5,194,303,709.34元，同比增长8.25% 。
","金盘科技：2025年第三季度报告.pdf, 第1页
",,,,
"金盘科技2025年前三季度的净
利润是多少","2025年1-9月，归属于上市公司股东的净利润为485,644,896.76元，同比增长20.27% 
","金盘科技：2025年第三季度报告.pdf， 第1页
",,,,
" 2025年上半年，金盘科技在数据中心领域的销售收入增长了多少？
",2025年上半年，公司在数据中心领域销售收入同比增长460.51% 。,"金盘科技：2025年半年度报告.pdf，第24页
",,,,
金盘科技有哪些知名的国际客户,"公司的主要客户包括维斯塔斯(VESTAS)、通用电气(GE)、西门子(SIEMENS)、杜克能源(Duke Energy)、茵梦达(Innomotics)、东芝三菱电机等国际知名企业 。
","金盘科技：浙商证券股份有限公司关于海南金盘智能科技股份有限公司向不特定对象发行可转换公司债券之上市保荐书.pdf，第1页
",,,,
"截至2025年6月30日，金盘科技的在手订单金额是多少？
","截至2025年6月30日，公司在手订单75.40亿元（不含税），同比增长14.89%，其中内销在手订单47.38亿元，外销在手订单28.02亿元 。
","金盘科技：2025年半年度报告.pdf，第24页
",,,,
"截至2025年6月30日，金盘科技可自由支配的资金有多少？
","截至2025年6月30日，公司可自由支配资金合计61,095.69万元。
","金盘科技：中汇会计师事务所(特殊普通合伙)关于海南金盘智能科技股份有限公司向不特定对象发行可转换公司债券申请文件的审核问询函有关财务问题回复的专项说明.pdf，第24页
",,,,
"2024年金盘科技的经营活动现金流量净额为什么是负的？
","2024年公司经营活动产生的现金流量净额为负，主要系公司开发建设海南甲子光伏电站导致经营活动现金流出金额较大以及因光伏行业周期波动导致部分客户回款放缓所致 。
","金盘科技：浙商证券股份有限公司关于海南金盘智能科技股份有限公司向不特定对象发行可转换公司债券之上市保荐书.pdf 第8页
","金盘科技：中汇会计师事务所(特殊普通合伙)关于海南金盘智能科技股份有限公司向不特定对象发行可转换公司债券申请文件的审核问询函有关财务问题回复的专项说明.pdf 第72页
","金盘科技：中汇会计师事务所(特殊普通合伙)关于海南金盘智能科技股份有限公司向不特定对象发行可转换公司债券申请文件的审核问询函有关财务问题回复的专项说明.pdf 第117页
",,
"2025年美国对中国商品加征关税对金盘科技有何影响？
","2025年4月初美国对中国商品加征关税大幅提升 。由于美国对中国商品关税政策存在较大不确定性，未来美国对中国商品加征关税税率可能进一步提升，并存在频繁调整的风险，将对公司出口美国市场的相关业务产生不利影响 。
","金盘科技：浙商证券股份有限公司关于海南金盘智能科技股份有限公司向不特定对象发行可转换公司债券之上市保荐书.pdf
第12页
","金盘科技：中汇会计师事务所(特殊普通合伙)关于海南金盘智能科技股份有限公司向不特定对象发行可转换公司债券申请文件的审核问询函有关财务问题回复的专项说明.pdf
第 58 页","金盘科技：中汇会计师事务所(特殊普通合伙)关于海南金盘智能科技股份有限公司向不特定对象发行可转换公司债券申请文件的审核问询函有关财务问题回复的专项说明.pdf
第 64 页","金盘科技：2025年半年度报告.pdf
第 44 页",
"金盘科技如何应对中美贸易摩擦带来的关税风险？
","公司的应对措施包括：积极与美国客户协商，将2025年加征的部分关税转移至美国客户 ；通过在马来西亚等低关税税率地区建厂 ；扩大在墨西哥通过 Shelter 模式生产后销售至美国的业务规模 ；以及逐步扩大美国子公司在本地生产和销售成套系列产品数量 。
","金盘科技：中汇会计师事务所(特殊普通合伙)关于海南金盘智能科技股份有限公司向不特定对象发行可转换公司债券申请文件的审核问询函有关财务问题回复的专项说明.pdf
第 59 页","金盘科技：中汇会计师事务所(特殊普通合伙)关于海南金盘智能科技股份有限公司向不特定对象发行可转换公司债券申请文件的审核问询函有关财务问题回复的专项说明.pdf
第 60 页",,,
"截至2025年6月30日，金盘科技可自由支配的资金有多少？
","截至2025年6月30日，公司可自由支配资金合计61,095.69万元 。
","金盘科技：中汇会计师事务所(特殊普通合伙)关于海南金盘智能科技股份有限公司向不特定对象发行可转换公司债券申请文件的审核问询函有关财务问题回复的专项说明.pdf
第 24 页
",,,,
"金盘科技对天镇福光储能有限责任公司的应收账款为何逾期？
","逾期原因为：主管部门储能相关政策及结算细则出台晚于预期，导致该客户储能电站2024年暂未商业运行产生稳定收益，资金暂时较为紧张 。
","金盘科技：中汇会计师事务所(特殊普通合伙)关于海南金盘智能科技股份有限公司向不特定对象发行可转换公司债券申请文件的审核问询函有关财务问题回复的专项说明.pdf
第 89 页",,,,
"金盘科技与甘肃瓜州宝丰风能开发有限公司的质量纠纷是如何处理的？
","双方于2024年4月签署《协议书》，约定原合同总价款调减2,287.71万元 。
","金盘科技：中汇会计师事务所(特殊普通合伙)关于海南金盘智能科技股份有限公司向不特定对象发行可转换公司债券申请文件的审核问询函有关财务问题回复的专项说明.pdf
第 88 页
",,,,
"截至2025年3月31日，金盘科技有多少研发人员？
","截至2025年3月31日，公司研发人员达410人，占公司总人数17.45% 。
","金盘科技：浙商证券股份有限公司关于海南金盘智能科技股份有限公司向不特定对象发行可转换公司债券之上市保荐书.pdf
第 5 页
","金盘科技：浙商证券股份有限公司关于海南金盘智能科技股份有限公司向不特定对象发行可转换公司债券之上市保荐书.pdf
第 10 页
",,,
"金盘科技的数字化转型带来了哪些效益？
","2020年-2023年，公司已陆续在海口、桂林、武汉等生产基地新建或改造7座数字化工厂 。较数字化产线投产前，人均产量平均超1.4倍、人均产值平均超1.8倍、单位产出额耗用人工成本和制造费用平均下降23% 。
","金盘科技：浙商证券股份有限公司关于海南金盘智能科技股份有限公司向不特定对象发行可转换公司债券之上市保荐书.pdf
第 6 页","金盘科技：中汇会计师事务所(特殊普通合伙)关于海南金盘智能科技股份有限公司向不特定对象发行可转换公司债券申请文件的审核问询函有关财务问题回复的专项说明.pdf
第 49 页
",,,
金盘公司的注册地址在哪里？,海南省海口市南海大道168-39号 。,,,,,
金盘科技的控股股东是谁？,"海南元宇智能科技投资有限公司（简称“元宇投资”）
",,,,,
金盘科技的实际控制人是谁？,李志远和YUQING JING(靖宇清)夫妇 。,,,,,
"金盘科技首次公开发行股票的保荐人（主承销商）是哪家机构？
",浙商证券股份有限公司。,2020-05-12 金盘科技(688676).pdf,封面 / 概览,,,
金盘科技的财务审计机构是哪家？,中汇会计师事务所(特殊普通合伙)。,,,,,
根据2020年招股说明书，公司的主营业务是什么？,主要从事应用于新能源、高端装备、节能环保等领域的输配电及控制设备产品的研发、生产和销售。,2020-05-12 金盘科技(688676).pdf,第六节 业务与技术 / 主营业务,,,
根据2024年年报，公司的主营业务是什么？,专注于中低压各类变压器系列、成套系列、储能系列等产品的研发、生产及销售，并提供数字化工厂整体解决方案。,2025-04-03 金盘科技：2024年年度报告.pdf,第三节 管理层讨论与分析 / 公司业务概要,,,
根据2020年招股说明书，公司的主要产品包括哪些？,干式变压器、干式电抗器、中低压成套开关设备、箱式变电站、电力电子设备等。,2020-05-12 金盘科技(688676).pdf,第六节 业务与技术 / 主要产品,,,
根据2020年招股说明书，公司产品的主要原材料有哪些？,铜线、硅钢片、电气元器件、树脂等。,2020-05-12 金盘科技(688676).pdf,第六节 业务与技术 / 采购情况,,,
2020年招股说明书中的“四大基地”分别指哪里？,海口、武汉、上海、桂林。,2020-05-12 金盘科技(688676).pdf,第六节 业务与技术 / 生产模式,,,
2020年招股说明书提到的海口数字化工厂符合哪个德国标准？,德国工程师协会标准 VDI4499。,2020-05-12 金盘科技(688676).pdf,第六节 业务与技术 / 核心技术,,,
2020年招股说明书识别了哪些主要风险？,行业周期波动、行业政策变化、原材料价格波动、中美贸易摩擦、毛利率下降、应收账款余额较大等。,2020-05-12 金盘科技(688676).pdf,第四节 风险因素,,,
根据2024年年报，公司的产品和服务遍布全球多少个国家？,87个国家。,2025-04-03 金盘科技：2024年年度报告.pdf,第三节 管理层讨论与分析 / 经营情况讨论与分析,,,
根据2023年年报，公司的产品和服务遍布全球多少个国家？,86个国家。,2024-03-21 金盘科技：2023年年度报告.pdf,第三节 管理层讨论与分析 / 经营情况讨论与分析,,,
根据2022年年报，公司的产品和服务遍布全球多少个国家和地区？,82个国家和地区。,2023-03-21 金盘科技：2022年年度报告.pdf,第三节 管理层讨论与分析 / 经营情况讨论与分析,,,
2022年公司发行的可转换公司债券简称什么？,金盘转债。,2024-03-21 金盘科技：2023年年度报告.pdf,封面,,,
2024年报中提到，公司在全球的产能布局有何新进展？,完成墨西哥基地扩建，筹备美国变压器工厂建设，完成波兰工厂布局并实现首台产品下线。,2025-04-03 金盘科技：2024年年度报告.pdf,第三节 管理层讨论与分析 / 经营情况讨论与分析,,,
2022年7月，公司发布了全球首例什么技术的储能系统？,中高压直挂全液冷热管理技术的储能系统。,2023-03-21 金盘科技：2022年年度报告.pdf,第三节 管理层讨论与分析 / 经营情况讨论与分析,,,
2020年招股说明书中的“JST USA”是指哪家公司？,"JST Power Equipment, Inc.。",2020-05-12 金盘科技(688676).pdf,第五节 发行人基本情况 / 境外子公司,,,
2024年报中提到，公司在2024年成功研发了哪款SFC产品？,适用于海拔5000米、容量40000kVA的抽蓄SFC产品。,2025-04-03 金盘科技：2024年年度报告.pdf,第三节 管理层讨论与分析 / 研发投入,,,
2020年招股说明书中，公司的“VPI”技术是指什么？,真空压力浸渍（Vacuum Pressure Impregnation）。,2020-05-12 金盘科技(688676).pdf,第六节 业务与技术 / 核心技术,,,
2024年年报中提到的“AIDC”是指什么？,人工智能数据中心（Artificial Intelligence Data Center）。,2025-04-03 金盘科技：2024年年度报告.pdf,第三节 管理层讨论与分析 / 经营情况讨论与分析,,,
2020年招股说明书中，公司主要产品的应用领域有哪些？,新能源、高端装备、节能环保、新型基础设施、工业企业电气配套等。,2020-05-12 金盘科技(688676).pdf,第六节 业务与技术 / 主要产品应用领域,,,
2017年公司获得了西门子歌美飒（SIEMENS Gamesa）的什么荣誉？,“最佳创新供应商”。,2020-05-12 金盘科技(688676).pdf,第六节 业务与技术 / 行业地位,,,
公司参与制定了哪些国家或行业标准？,GB/T22072-2018（干式非晶合金铁心配电变压器...）、NB/T 10088-2018（户外型光伏逆变成套装置...）等。,2020-05-12 金盘科技(688676).pdf,第六节 业务与技术 / 核心技术,,,
金盘科技2024年的营业收入和归母净利润分别是多少？,营收：69.01亿元；归母净利润：5.74亿元。,2025-04-03 金盘科技：2024年年度报告.pdf,第三节 管理层讨论与分析 / 主要会计数据,,,
金盘科技2023年的营业收入和归母净利润分别是多少？,营收：66.68亿元；归母净利润：5.05亿元。,2024-03-21 金盘科技：2023年年度报告.pdf,第三节 管理层讨论与分析 / 主要会计数据,,,
金盘科技2022年的营业收入和归母净利润分别是多少？,营收：47.46亿元；归母净利润：2.83亿元。,2023-03-21 金盘科技：2022年年度报告.pdf,第三节 管理层讨论与分析 / 主要会计数据,,,
金盘科技2021年的营业收入和归母净利润分别是多少？,营收：33.03亿元；归母净利润：2.35亿元。,2022-04-16 金盘科技：2021年年度报告.pdf,第三节 管理层讨论与分析 / 主要会计数据,,,
金盘科技2020年的营业收入和归母净利润分别是多少？,营收：24.23亿元；归母净利润：2.32亿元。,2022-04-16 金盘科技：2021年年度报告.pdf,第三节 管理层讨论与分析 / 主要会计数据(上年同期),,,
2020年招股说明书显示，2019年的营业收入和净利润分别是多少？,营收：22.44亿元；净利润：2.10亿元。,2020-05-12 金盘科技(688676).pdf,第八节 财务会计信息 / 合并利润表,,,
2020年招股说明书显示，2018年的营业收入和净利润分别是多少？,营收：21.85亿元；净利润：1.97亿元。,2020-05-12 金盘科技(688676).pdf,第八节 财务会计信息 / 合并利润表,,,
2020年招股说明书显示，2017年的营业收入和净利润分别是多少？,营收：20.11亿元；净利润：0.65亿元。,2020-05-12 金盘科技(688676).pdf,第八节 财务会计信息 / 合并利润表,,,
金盘科技2025年半年度的营收和归母净利润分别是多少？,营收：31.54亿元；归母净利润：2.65亿元。,2025-08-29 金盘科技：2025年半年度报告.pdf,第三节 管理层讨论与分析 / 主要财务数据,,,
金盘科技2024年半年度的营收和归母净利润分别是多少？,营收：29.16亿元；归母净利润：2.22亿元。,2024-08-10 金盘科技：2024年半年度报告.pdf,第三节 管理层讨论与分析 / 主要财务数据,,,
金盘科技2023年半年度的营收和归母净利润分别是多少？,营收：28.93亿元；归母净利润：1.91亿元。,2023-08-30 金盘科技：2023年半年度报告.pdf,第三节 管理层讨论与分析 / 主要财务数据,,,
金盘科技2022年半年度的营收和归母净利润分别是多少？,营收：19.75亿元；归母净利润：0.96亿元。,2022-08-30 金盘科技：2022年半年度报告.pdf,第三节 管理层讨论与分析 / 主要财务数据,,,
金盘科技2021年半年度的营收和归母净利润分别是多少？,营收：14.92亿元；归母净利润：1.12亿元。,2021-08-20 金盘科技：2021年半年度报告全文.pdf,第三节 管理层讨论与分析 / 主要财务数据,,,
金盘科技2024年的研发投入占营业收入的比例是多少？,5.15%。,2025-04-03 金盘科技：2024年年度报告.pdf,第三节 管理层讨论与分析 / 研发投入,,,
金盘科技2023年的研发投入占营业收入的比例是多少？,5.27%。,2024-03-21 金盘科技：2023年年度报告.pdf,第三节 管理层讨论与分析 / 研发投入,,,
金盘科技2022年的研发投入占营业收入的比例是多少？,5.21%。,2023-03-21 金盘科技：2022年年度报告.pdf,第三节 管理层讨论与分析 / 研发投入,,,
金盘科技2021年的研发投入占营业收入的比例是多少？,4.77%。,2022-04-16 金盘科技：2021年年度报告.pdf,第三节 管理层讨论与分析 / 研发投入,,,
2020年招股说明书显示，2019年研发投入占比是多少？,4.52%。,2020-05-12 金盘科技(688676).pdf,第八节 财务会计信息 / 主要财务指标,,,
2025年半年度报告显示，研发投入占比是多少？,4.64%。,2025-08-29 金盘科技：2025年半年度报告.pdf,第三节 管理层讨论与分析 / 主要财务数据,,,
2024年半年度报告显示，研发投入占比是多少？,4.97%。,2024-08-10 金盘科技：2024年半年度报告.pdf,第三节 管理层讨论与分析 / 主要财务数据,,,
2024年公司在手订单金额为多少？,"650,939.22万元。",2025-04-03 金盘科技：2024年年度报告.pdf,第三节 管理层讨论与分析 / 经营情况讨论与分析,,,
截至2025年6月30日，公司在手订单金额为多少？,75.40亿元（不含税）。,2025-08-29 金盘科技：2025年半年度报告.pdf,第三节 管理层讨论与分析 / 经营情况讨论与分析,,,
2024年，公司主营业务收入中，“储能系列”的收入金额是多少？,"52,324.79万元。",2025-04-03 金盘科技：2024年年度报告.pdf,第三节 管理层讨论与分析 / 主营业务分行业、分产品情况,,,
2024年，“数字化整体解决方案”的收入金额是多少？,"12,326.71万元。",2025-04-03 金盘科技：2024年年度报告.pdf,第三节 管理层讨论与分析 / 主营业务分行业、分产品情况,,,
2024年，公司主营业务收入按内销外销划分，外销业务收入是多少？,"198,114.96万元。",2025-04-03 金盘科技：2024年年度报告.pdf,第三节 管理层讨论与分析 / 主营业务分地区情况,,,
2023年，“储能系列”的收入金额是多少？,"41,417.24万元。",2024-03-21 金盘科技：2023年年度报告.pdf,第三节 管理层讨论与分析 / 主营业务分行业、分产品情况,,,
2023年，“数字化整体解决方案”的收入金额是多少？,"7,082.76万元。",2024-03-21 金盘科技：2023年年度报告.pdf,第三节 管理层讨论与分析 / 主营业务分行业、分产品情况,,,
2023年，外销业务收入是多少？,"117,745.07万元。",2024-03-21 金盘科技：2023年年度报告.pdf,第三节 管理层讨论与分析 / 主营业务分地区情况,,,
2022年，“储能系列”的收入金额是多少？,"6,401.95万元。",2023-03-21 金盘科技：2022年年度报告.pdf,第三节 管理层讨论与分析 / 主营业务分行业、分产品情况,,,
2022年，“数字化整体解决方案”的收入金额是多少？,"13,597.80万元。",2023-03-21 金盘科技：2022年年度报告.pdf,第三节 管理层讨论与分析 / 主营业务分行业、分产品情况,,,
2020年招股说明书显示，2019年干式变压器系列占比多少？,75.23%。,2020-05-12 金盘科技(688676).pdf,第八节 财务会计信息 / 主营业务收入构成,,,
2020年招股说明书显示，2017年箱变系列占比多少？,20.07%。,2020-05-12 金盘科技(688676).pdf,第八节 财务会计信息 / 主营业务收入构成,,,
截至2024年12月31日，公司研发人员数量及占比？,408人，占总人数17.60%。,2025-04-03 金盘科技：2024年年度报告.pdf,第七节 股份变动及股东情况 / 员工情况,,,
截至2019年12月31日，占比最高的员工专业类别是什么？,生产人员，849人，占比48.40%。,2020-05-12 金盘科技(688676).pdf,第五节 发行人基本情况 / 员工情况,,,
截至2019年12月31日，本科及以上学历员工占比多少？,28.56% (硕士及以上1.82%，本科26.74%)。,2020-05-12 金盘科技(688676).pdf,第五节 发行人基本情况 / 员工情况,,,
截至2019年12月31日，40岁及以下员工占比多少？,82.33% (30岁及以下41.85%，31-40岁40.48%)。,2020-05-12 金盘科技(688676).pdf,第五节 发行人基本情况 / 员工情况,,,
2019年，公司前五名客户合计销售收入占比是多少？,34.84%。,2020-05-12 金盘科技(688676).pdf,第六节 业务与技术 / 销售情况,,,
2019年，公司的第一大客户是谁？销售收入是多少？,"通用电气(GE)，25,399.66万元。",2020-05-12 金盘科技(688676).pdf,第六节 业务与技术 / 销售情况,,,
2017年，公司的第一大客户是谁？销售收入是多少？,"通用电气(GE)，17,811.26万元。",2020-05-12 金盘科技(688676).pdf,第六节 业务与技术 / 销售情况,,,
2019年，采购金额占比最高的主要原材料是什么？,电磁线，占比27.08%。,2020-05-12 金盘科技(688676).pdf,第六节 业务与技术 / 采购情况,,,
2017年，采购金额占比最高的主要原材料是什么？,电气元器件，占比25.46%。,2020-05-12 金盘科技(688676).pdf,第六节 业务与技术 / 采购情况,,,
公司2017-2019年的经营活动现金流量净额分别是多少？,2017年: 0.72亿元; 2018年: 2.28亿元; 2019年: 2.73亿元。,2020-05-12 金盘科技(688676).pdf,第八节 财务会计信息 / 合并现金流量表,,,
公司2021-2023年的经营活动现金流量净额分别是多少？,2021年: 2.53亿元; 2022年: -1.04亿元; 2023年: 2.05亿元。,2024-03-21 金盘科技：2023年年度报告.pdf,第三节 管理层讨论与分析 / 主要会计数据(现金流量),,,
2017-2019年末的应收账款余额分别是多少？,2017年: 7.29亿元; 2018年: 8.75亿元; 2019年: 9.82亿元。,2020-05-12 金盘科技(688676).pdf,第八节 财务会计信息 / 合并资产负债表,,,
公司2017-2019年的主营业务毛利率分别是多少？,2017年: 26.78%; 2018年: 26.28%; 2019年: 27.32%。,2020-05-12 金盘科技(688676).pdf,第八节 财务会计信息 / 主要财务指标,,,
公司2022年和2023年的主营业务毛利率分别是多少？,2022年: 20.29%; 2023年: 22.81%。,2024-03-21 金盘科技：2023年年度报告.pdf,第三节 管理层讨论与分析 / 主营业务分行业情况,,,
2024年年报披露的2023年和2024年毛利率分别是多少？,2023年: 22.61%; 2024年: 24.32%。,2025-04-03 金盘科技：2024年年度报告.pdf,第三节 管理层讨论与分析 / 主营业务分行业情况 (注: 2023年毛利率由2024年数据倒推),,,
2025年半年度报告披露的2024H1和2025H1的毛利率？,2024年上半年: 23.36%; 2025年上半年: 25.87%。,2025-08-29 金盘科技：2025年半年度报告.pdf,第三节 管理层讨论与分析 / 经营情况讨论与分析,,,
截至2024年12月31日，公司的总资产和总负债？,总资产: 96.16亿元; 总负债: 51.69亿元。,2025-04-03 金盘科技：2024年年度报告.pdf,第三节 管理层讨论与分析 / 资产、负债情况,,,
截至2023年12月31日，公司的总资产和总负债？,总资产: 85.29亿元; 总负债: 52.32亿元。,2024-03-21 金盘科技：2023年年度报告.pdf,第三节 管理层讨论与分析 / 资产、负债情况,,,
对比2023年，金盘科技2024年营收和净利润增速有何差异？,营收增长3.50%，归母净利润增长13.82%。净利润增速明显快于营收增速。,2025-04-03 金盘科技：2024年年度报告.pdf,第三节 管理层讨论与分析 / 主要会计数据,,,
2024年净利润增速快于营收增速的可能原因是什么？,2024年毛利率为24.32%，较2023年同期提升了1.71个百分点。毛利率提升是主要原因之一。,2025-04-03 金盘科技：2024年年度报告.pdf,第三节 管理层讨论与分析 / 经营情况讨论与分析,,,
对比2022年，金盘科技2023年营收和净利润增长情况如何？,2023年营收增长40.50%，归母净利润增长78.15%。净利润增速远高于营收增速。,2024-03-21 金盘科技：2023年年度报告.pdf,第三节 管理层讨论与分析 / 主要会计数据,,,
2023年净利润增速远快于营收增速的主要原因是什么？,营收大幅增长；数字化工厂降本增效；材料价格下降及优质客户占比提升导致毛利率上升；管理费用率下降。,2024-03-21 金盘科技：2023年年度报告.pdf,第三节 管理层讨论与分析 / 经营情况讨论与分析,,,
对比2020年，金盘科技2021年营收和净利润增长情况如何？,2021年营收增长36.32%，归母净利润增长仅1.31%。净利润增速远低于营收增速。,2022-04-16 金盘科技：2021年年度报告.pdf,第三节 管理层讨论与分析 / 主要会计数据,,,
2021年净利润增速远低于营收增速的主要原因是什么？,大宗材料（如电解铜）价格大幅上涨；海外疫情导致外销业务运费明显上涨。,2022-04-16 金盘科技：2021年年度报告.pdf,第三节 管理层讨论与分析 / 经营情况讨论与分析,,,
2024年公司外销业务增长率是多少？其背后原因是什么？,2024年外销业务收入同比增长68.26%。原因是公司实施全球化战略，完成了墨西哥基地扩建、筹备美国工厂等。,2025-04-03 金盘科技：2024年年度报告.pdf,第三节 管理层讨论与分析 / 经营情况讨论与分析,,,
2025年上半年公司数据中心领域销售收入增长情况如何？,销售收入超5亿元，同比大幅增长460.51%。,2025-08-29 金盘科技：2025年半年度报告.pdf,第三节 管理层讨论与分析 / 经营情况讨论与分析,,,
2024年公司数据中心订单增长情况如何？,报告期内（2024年），公司数据中心订单同比增长603.68%。,2025-04-03 金盘科技：2024年年度报告.pdf,第三节 管理层讨论与分析 / 经营情况讨论与分析,,,
2023年公司哪个业务板块增长最快？增长动力是什么？,储能系列业务，同比增长546.95%。动力是中高压直挂全液冷储能系统新业务实现快速发展，新承接订单大增。,2024-03-21 金盘科技：2023年年度报告.pdf,第三节 管理层讨论与分析 / 主营业务分产品情况,,,
2024年公司经营活动现金流量净额为何是负值？,"为-3,698.13万元。主要原因是参与新能源开发业务导致现金流出2.47亿元，及应收账款回款延后。",2025-04-03 金盘科技：2024年年度报告.pdf,第三节 管理层讨论与分析 / 现金流,,,
2022年公司经营活动现金流量净额为何是负值？,"为-10,420.40万元。主要原因是2022年第四季度经济下行，货款回收受到影响。",2023-03-21 金盘科技：2022年年度报告.pdf,第三节 管理层讨论与分析 / 现金流,,,
数字化转型（海口数字化工厂）对生产效率和成本有何影响？,2022年报披露：相比2019年，产能提升约124%，人均产出额提升约136%，单位kVA工费成本下降超过15%。,2023-03-21 金盘科技：2022年年度报告.pdf,第三节 管理层讨论与分析 / 经营情况讨论与分析,,,
2021-2023年公司的研发投入总额变化趋势？,持续大幅增长。2021年1.58亿元，2022年2.47亿元，2023年3.51亿元。,2024-03-21 金盘科技：2023年年度报告.pdf,第三节 管理层讨论与分析 / 研发投入,,,
公司2024年研发投入资本化的比重为何从0变为0.79%？,因为公司根据《企业数据资源相关会计处理暂行规定》，将新开发的新能源集控数据资产等相关研发投入进行了资本化。,2025-04-03 金盘科技：2024年年度报告.pdf,第三节 管理层讨论与分析 / 研发投入,,,
分析2017-2019年应收账款变化趋势。,"呈逐年上升趋势 (2017年7.29亿, 2018年8.75亿, 2019年9.82亿)。招股书将其列为重大风险。",2020-05-12 金盘科技(688676).pdf,第四节 风险因素 / 应收账款余额较大风险,,,
2017-2019年毛利率与2022-2023年毛利率相比有何变化？,2022-2023年毛利率(约20%-23%)相较于2017-2019年(约26%-27%)有明显下降。,2020-05-12 金盘科技(688676).pdf; 2024-03-21 金盘科技：2023年年度报告.pdf,财务会计信息 / 主要财务指标; 管理层讨论与分析,,,
2025H1报告中提到的“AIDC”和“SST”技术是什么？,AIDC：人工智能数据中心；SST：固态变压器。公司已完成10kV/2.4MW SST样机，适用于HVDC800V供电架构。,2025-08-29 金盘科技：2025年半年度报告.pdf,第三节 管理层讨论与分析 / 经营情况讨论与分析,,,
2024年，公司的数据中心业务取得了怎样的增长？,2024年数据中心订单同比增长603.68%，签订了140余份数据中心订单。,2025-04-03 金盘科技：2024年年度报告.pdf,第三节 管理层讨论与分析 / 经营情况讨论与分析,,,
2025年上半年，数据中心电源模块销售收入增长情况如何？,同比增长100.25%。,2025-08-29 金盘科技：2025年半年度报告.pdf,第三节 管理层讨论与分析 / 经营情况讨论与分析,,,
金盘科技现在谁说了算？老板是谁？,公司负责人（法定代表人）是李辉。,2025-04-03 金盘科技：2024年年度报告.pdf,重要提示 / 公司简介,,,
真正控制这家公司的是谁？,实际控制人是李志远和YUQING JING(靖宇清)夫妇。,2025-04-03 金盘科技：2024年年度报告.pdf,第四节 公司治理 / 实际控制人情况,,,
这家公司是哪的？总部在哪？,在海南省海口市。,2025-04-03 金盘科技：2024年年度报告.pdf,第四节 公司治理 / 公司基本信息,,,
帮他们上市的是哪家券商？,浙商证券股份有限公司。,2020-05-12 金盘科技(688676).pdf,封面,,,
他们的账是谁审的？换过吗？,近几年（2021-2024年）都是中汇会计师事务所(特殊普通合伙)。,2025-04-03 金盘科技：2024年年度报告.pdf,重要提示 / 审计报告,,,
公司股票代码多少？,688676,2025-04-03 金盘科技：2024年年度报告.pdf,封面,,,
他们那个债券叫啥？,金盘转债。,2024-03-21 金盘科技：2023年年度报告.pdf,封面,,,
这公司到底是干嘛的？,主要是做输配电及控制设备（如变压器、成套设备），也做储能，还给工厂提供数字化解决方案。,2025-04-03 金盘科技：2024年年度报告.pdf,第三节 管理层讨论与分析 / 公司业务概要,,,
刚上市那会儿（2020年）他们是干嘛的？,差不多，主要也是做新能源、高端装备等领域的输配电及控制设备。,2020-05-12 金盘科技(688676).pdf,第六节 业务与技术 / 主营业务,,,
他们的老本行（变压器）现在还占大头吗？,是的。2024年“中低压变压器系列”收入35.8亿，占主营业务约52%。,2025-04-03 金盘科技：2024年年度报告.pdf,第三节 管理层讨论与分析 / 主营业务分产品情况,,,
2024年干得怎么样？赚了多少钱？,挺好。营收69.01亿，归母净利润5.74亿。,2025-04-03 金盘科技：2024年年度报告.pdf,第三节 管理层讨论与分析 / 主要会计数据,,,
2023年呢？是不是增长很快？,2023年很不错，营收66.68亿，净利润5.05亿，净利润增长了78.15%。,2024-03-21 金盘科技：2023年年度报告.pdf,第三节 管理层讨论与分析 / 主要会计数据,,,
2022年业绩如何？,营收47.46亿，净利润2.83亿。,2023-03-21 金盘科技：2022年年度报告.pdf,第三节 管理层讨论与分析 / 主要会计数据,,,
刚上市那年（2021年）业绩呢？,营收33.03亿，净利润2.35亿。,2022-04-16 金盘科技：2021年年度报告.pdf,第三节 管理层讨论与分析 / 主要会计数据,,,
上市前（2019年）一年能做多大生意？,2019年营收22.44亿。,2020-05-12 金盘科技(688676).pdf,第八节 财务会计信息 / 合并利润表,,,
2025年过半了，业绩跟得上吗？,2025上半年营收31.54亿 (增8.16%)，净利润2.65亿 (增19.08%)，还不错。,2025-08-29 金盘科技：2025年半年度报告.pdf,第三节 管理层讨论与分析 / 主要财务数据,,,
2024年上半年和2023年上半年比呢？,2024上半年营收 (29.16亿) 和2023上半年 (28.93亿) 差不多，但利润 (2.22亿) 比2023年 (1.91亿) 多。,2024-08-10 金盘科技：2024年半年度报告.pdf,第三节 管理层讨论与分析 / 主要财务数据,,,
2023年上半年是不是比2022年上半年好很多？,是的，2023年H1营收 (28.93亿) 比2022年H1 (19.75亿) 增长46.5%，利润 (1.91亿) 更是翻倍 (增长99.9%)。,2023-08-30 金盘科技：2023年半年度报告.pdf,第三节 管理层讨论与分析 / 主要财务数据,,,
2022年上半年是不是不太行？,营收 (19.75亿) 比2021年H1 (14.92亿) 涨了，但利润 (0.96亿) 反而比2021年H1 (1.12亿) 降了。,2022-08-30 金盘科技：2022年半年度报告.pdf,第三节 管理层讨论与分析 / 主要财务数据,,,
2024年营收没怎么涨 (3.5%)，利润倒涨挺多 (13.8%)，为什么？,报告里说主要是毛利率提升了1.71个百分点，更能赚钱了。,2025-04-03 金盘科技：2024年年度报告.pdf,第三节 管理层讨论与分析 / 经营情况讨论与分析,,,
2021年怎么回事？营收涨 (36%)，利润 (1.3%) 几乎没动？,2021年报解释说，主要是原材料（铜、硅钢片）涨价太猛，还有海运费也涨了很多。,2022-04-16 金盘科技：2021年年度报告.pdf,第三节 管理层讨论与分析 / 经营情况讨论与分析,,,
公司现在多大盘子？（总资产）,截至2025年6月底，总资产102.3亿。,2025-08-29 金盘科技：2025年半年度报告.pdf,第三节 管理层讨论与分析 / 主要财务数据,,,
刚上市（2019年底）时多大盘子？,2019年底总资产23.29亿。,2020-05-12 金盘科技(688676).pdf,第八节 财务会计信息 / 合并资产负债表,,,
欠债多吗？（总负债）,截至2025年6月底，总负债55.4亿。,2025-08-29 金盘科技：2025年半年度报告.pdf,第三节 管理层讨论与分析 / 主要财务数据,,,
2024年底欠债多少？,2024年底总负债51.69亿。,2025-04-03 金盘科技：2024年年度报告.pdf,第三节 管理层讨论与分析 / 主要会计数据,,,
他们那个储能业务，2024年做了多少？,2024年“储能系列”收入5.23亿。,2025-04-03 金盘科技：2024年年度报告.pdf,第三节 管理层讨论与分析 / 主营业务分产品情况,,,
储能这块是新搞的吗？2022年有多少？,算是新的爆发点。2022年“储能系列”收入才6401万。,2023-03-21 金盘科技：2022年年度报告.pdf,第三节 管理层讨论与分析 / 主营业务分产品情况,,,
2023年储能业务是不是爆发了？,是的，2023年储能收入4.14亿，比2022年暴增了546.95%。,2024-03-21 金盘科技：2023年年度报告.pdf,第三节 管理层讨论与分析 / 主营业务分产品情况,,,
听说他们在搞AI数据中心？这块业务怎么样？,2024年报提到，数据中心订单增长了603.68%。,2025-04-03 金盘科技：2024年年度报告.pdf,第三节 管理层讨论与分析 / 经营情况讨论与分析,,,
2025年上半年数据中心这块卖了多少？,卖得很好，2025上半年数据中心领域收入超5亿，同比增长460.51%。,2025-08-29 金盘科技：2025年半年度报告.pdf,第三节 管理层讨论与分析 / 经营情况讨论与分析,,,
"2025上半年财报里提的""SST""是啥？",固态变压器 (Solid State Transformer)，他们搞了个样机，说适用于数据中心。,2025-08-29 金盘科技：2025年半年度报告.pdf,第三节 管理层讨论与分析 / 经营情况讨论与分析,,,
他们老说的“数字化工厂”是卖给别人的吗？,是的，“数字化整体解决方案”是他们的一个业务，2024年收入1.23亿。,2025-04-03 金盘科技：2024年年度报告.pdf,第三节 管理层讨论与分析 / 主营业务分产品情况,,,
2023年这块业务做了多少？,2023年收入7082.76万。,2024-03-21 金盘科技：2023年年度报告.pdf,第三节 管理层讨论与分析 / 主营业务分产品情况,,,
他们自己的数字化工厂有用吗？吹牛的吧？,2022年报里说，海口数字化工厂运行2年后，产能提升124%，人均产出额提升136%，单位工费成本降了超15%。,2023-03-21 金盘科技：2022年年度报告.pdf,第三节 管理层讨论与分析 / 经营情况讨论与分析,,,
2022年他们是不是搞了个很牛的储能产品？,是的，2022年7月发布了“全球首例中高压直挂全液冷热管理技术”的储能系统。,2023-03-21 金盘科技：2022年年度报告.pdf,第三节 管理层讨论与分析 / 经营情况讨论与分析,,,
2024年公司现金流怎么样？（经营活动）,不太好，经营活动现金流是负的 (-3698.13万)。,2025-04-03 金盘科技：2024年年度报告.pdf,第三节 管理层讨论与分析 / 主要会计数据,,,
2024年为啥现金流是负的？,报告解释说：一是搞新能源开发业务花钱了 (2.47亿)，二是应收账款回款慢了。,2025-04-03 金盘科技：2024年年度报告.pdf,第三节 管理层讨论与分析 / 现金流,,,
以前现金流也这么差吗？,2022年也是负的 (-1.04亿)，2023年是正的 (2.05亿)。,2024-03-21 金盘科技：2023年年度报告.pdf,第三节 管理层讨论与分析 / 主要会计数据(现金流量),,,
2022年为啥现金流是负的？,2022年报说，主要是第四季度经济下行，货款回收受影响。,2023-03-21 金盘科技：2022年年度报告.pdf,第三节 管理层讨论与分析 / 现金流,,,
2025年上半年现金流转正了吗？,转正了。2025年H1经营现金流是1.41亿。,2025-08-29 金盘科技：2025年半年度报告.pdf,第三节 管理层讨论与分析 / 主要财务数据,,,
2024年上半年现金流呢？,2024年H1是负的 (-3.85亿)。,2024-08-10 金盘科技：2024年半年度报告.pdf,第三节 管理层讨论与分析 / 主要财务数据,,,
2025年上半年现金流怎么突然变好了？,2025半年报说，主要是“销售商品、提供劳务收到的现金”大幅增加了。,2025-08-29 金盘科技：2025年半年度报告.pdf,第十节 财务报告 / 合并现金流量表附注,,,
公司的应收账款多不多？（2024年底）,27.6亿。,2025-04-03 金盘科技：2024年年度报告.pdf,第三节 管理层讨论与分析 / 资产、负债情况,,,
比2023年底多了还是少了？,多了，2023年底是25.1亿。,2025-04-03 金盘科技：2024年年度报告.pdf,第三节 管理层讨论与分析 / 资产、负债情况,,,
刚上市时（2019年底）应收账款多少？,9.82亿。,2020-05-12 金盘科技(688676).pdf,第八节 财务会计信息 / 合并资产负债表,,,
应收账款多，公司自己怎么看？,在2020年招股书和2024年年报里，都把“应收账款余额较大风险”列为重大风险因素。,2020-05-12 金盘科技(688676).pdf,第四节 风险因素,,,
这公司做生意的毛利率高吗？（2024年）,2024年毛利率24.32%。,2025-04-03 金盘科技：2024年年度报告.pdf,第三节 管理层讨论与分析 / 经营情况讨论与分析,,,
2025上半年毛利率呢？,25.87%，比2024年同期 (23.36%) 提升了。,2025-08-29 金盘科技：2025年半年度报告.pdf,第三节 管理层讨论与分析 / 经营情况讨论与分析,,,
2022年毛利率是不是很低？,是的，2022年毛利率只有20.29%。,2024-03-21 金盘科技：2023年年度报告.pdf,第三节 管理层讨论与分析 / 主营业务分行业情况,,,
上市前（2017-2019年）毛利率多少？,比较稳定，在26%-27%左右。,2020-05-12 金盘科技(688676).pdf,第八节 财务会计信息 / 主要财务指标,,,
为什么2022年毛利率那么低？,2022年报说，主要是原材料硅钢片价格比上年同期涨了28%左右，成本上去了。,2023-03-21 金盘科技：2022年年度报告.pdf,第三节 管理层讨论与分析 / 经营情况讨论与分析,,,
他们的成本主要是啥？（IPO时）,2020年招股书显示，主要是铜线（电磁线）、硅钢片、电气元器件等。,2020-05-12 金盘科技(688676).pdf,第六节 业务与技术 / 采购情况,,,
2019年采购最多的是啥？,电磁线（铜），占采购总额27.08%。,2020-05-12 金盘科技(688676).pdf,第六节 业务与技术 / 采购情况,,,
2017年呢？,2017年买最多的是电气元器件 (25.46%)。,2020-05-12 金盘科技(688676).pdf,第六节 业务与技术 / 采购情况,,,
公司在研发上舍得花钱吗？（2024年）,2024年研发投入3.55亿，占营收比例5.15%。,2025-04-03 金盘科技：2024年年度报告.pdf,第三节 管理层讨论与分析 / 研发投入,,,
2023年花多少？,3.51亿，占营收5.27%。,2024-03-21 金盘科技：2023年年度报告.pdf,第三节 管理层讨论与分析 / 研发投入,,,
2022年呢？,2.47亿，占营收5.21%。,2023-03-21 金盘科技：2022年年度报告.pdf,第三节 管理层讨论与分析 / 研发投入,,,
2021年呢？,1.58亿，占营收4.77%。,2022-04-16 金盘科技：2021年年度报告.pdf,第三节 管理层讨论与分析 / 研发投入,,,
2024年搞研发的人多吗？,有408个研发人员，占总人数17.60%。,2025-04-03 金盘科技：2024年年度报告.pdf,第七节 股份变动及股东情况 / 员工情况,,,
刚上市（2019年）时研发人员多少？,240人，占总人数13.68%。,2020-05-12 金盘科技(688676).pdf,第五节 发行人基本情况 / 员工情况,,,
2024年搞出了什么新东西？,研发了适用于海拔5000米、容量40000kVA的抽蓄SFC产品。,2025-04-03 金盘科技：2024年年度报告.pdf,第三节 管理层讨论与分析 / 研发投入,,,
公司员工学历怎么样？（2024年）,38.35% 是本科及以上。,2025-04-03 金盘科技：2024年年度报告.pdf,第七节 股份变动及股东情况 / 员工情况,,,
刚上市（2019年）时呢？,28.56% 是本科及以上。说明员工学历水平提升了。,2020-05-12 金盘科技(688676).pdf,第五节 发行人基本情况 / 员工情况,,,
员工总数（2024年底）？,"2,318人。",2025-04-03 金盘科技：2024年年度报告.pdf,第七节 股份变动及股东情况 / 员工情况,,,
刚上市（2019年底）时多少人？,"1,754人。",2020-05-12 金盘科技(688676).pdf,第五节 发行人基本情况 / 员工情况,,,
员工主要是干啥的？（2019年数据）,生产人员最多，占48.40%。,2020-05-12 金盘科技(688676).pdf,第五节 发行人基本情况 / 员工情况,,,
员工年龄大吗？（2019年数据）,不大，82.33% 都在40岁及以下。,2020-05-12 金盘科技(688676).pdf,第五节 发行人基本情况 / 员工情况,,,
金盘科技在国外卖得好吗？（2024年）,卖得很好，2024年外销收入19.81亿，增长了68.26%。,2025-04-03 金盘科技：2024年年度报告.pdf,第三节 管理层讨论与分析 / 主营业务分地区情况,,,
2023年国外卖多少？,11.77亿。,2024-03-21 金盘科技：2023年年度报告.pdf,第三节 管理层讨论与分析 / 主营业务分地区情况,,,
上市前（2019年）国外卖多少？,7.82亿，占主营业务34.83%。,2020-05-12 金盘科技(688676).pdf,第八节 财务会计信息 / 主营业务收入构成,,,
他们在国外建厂了吗？,建了。2024年报说，墨西哥基地扩建完成，波兰工厂首台产品下线，还在筹备美国工厂。,2025-04-03 金盘科技：2024年年度报告.pdf,第三节 管理层讨论与分析 / 经营情况讨论与分析,,,
他们的东西卖到多少个国家了？（2024年）,87个国家。,2025-04-03 金盘科技：2024年年度报告.pdf,第三节 管理层讨论与分析 / 经营情况讨论与分析,,,
刚上市时（2020年）卖到多少国家？,招股书说产品远销60多个国家和地区。,2020-05-12 金盘科技(688676).pdf,概览 / 行业地位,,,
他们刚上市时，大客户是谁？,2019年第一大客户是通用电气(GE)，占了11.32%。,2020-05-12 金盘科技(688676).pdf,第六节 业务与技术 / 销售情况,,,
2017年第一大客户也是GE吗？,是的，2017、2018、2019年第一大客户都是GE。,2020-05-12 金盘科技(688676).pdf,第六节 业务与技术 / 销售情况,,,
2019年前五大客户占多少？依赖大客户吗？,2019年前五大客户占34.84%，不算特别高。,2020-05-12 金盘科技(688676).pdf,第六节 业务与技术 / 销售情况,,,
刚上市时，他们觉得自己跟谁竞争？,国际上是西门子、ABB、施耐德；国内是特变电工、中国西电等。,2020-05-12 金盘科技(688676).pdf,第六节 业务与技术 / 行业竞争格局,,,
2020年招股书里说，公司有啥荣誉？,2017年拿过西门子歌美飒的“最佳创新供应商”。,2020-05-12 金盘科技(688676).pdf,第六节 业务与技术 / 行业地位,,,
公司现在手里订单多吗？（2025年6月底）,挺多，在手订单75.40亿 (不含税)。,2025-08-29 金盘科技：2025年半年度报告.pdf,第三节 管理层讨论与分析 / 经营情况讨论与分析,,,
2024年底订单多少？,65.09亿。,2025-04-03 金盘科技：2024年年度报告.pdf,第三节 管理层讨论与分析 / 经营情况讨论与分析,,,
2023年底呢？,48.61亿。订单增长很快。,2024-03-21 金盘科技：2023年年度报告.pdf,第三节 管理层讨论与分析 / 经营情况讨论与分析,,,
公司最担心什么风险？（2024年报）,还是老几样：原材料价格波动、市场竞争加剧、全球化运营风险、应收账款回款慢。,2025-04-03 金盘科技：2024年年度报告.pdf,第三节 管理层讨论与分析 / 风险因素,,,
上市时（2020年）担心什么？,差不多，也是原材料价格、行业政策、中美贸易摩擦、毛利率下降、应收账款。,2020-05-12 金盘科技(688676).pdf,第四节 风险因素,,,
公司大方吗？分红不？（2024年）,2024年报提了预案：10股派4.80元 (含税)。,2025-04-03 金盘科技：2024年年度报告.pdf,重要提示 / 利润分配预案,,,
2023年分红了吗？,分了，10股派4.50元 (含税)。,2024-03-21 金盘科技：2023年年度报告.pdf,重要提示 / 利润分配预案,,,
2022年呢？,10股派3.00元 (含税)。,2023-03-21 金盘科技：2022年年度报告.pdf,重要提示 / 利润分配预案,,,
2021年呢？,10股派3.00元 (含税)。,2022-04-16 金盘科技：2021年年度报告.pdf,重要提示 / 利润分配预案,,,
公司的账本（审计报告）靠谱吗？,至少2021-2024年，审计机构都出的是“标准无保留意见”，意思是没发现大问题。,2025-04-03 金盘科技：2024年年度报告.pdf,审计报告,,,
公司拿政府补贴多吗？（2024年）,2024年计入当期损益的政府补助有2581万。,2025-04-03 金盘科技：2024年年度报告.pdf,第十节 财务报告 / 补充资料,,,
2023年呢？,3271万。,2024-03-21 金盘科技：2023年年度报告.pdf,第十节 财务报告 / 补充资料,,,
2025年上半年拿了多少？,1472万。,2025-08-29 金盘科技：2025年半年度报告.pdf,第十节 财务报告 / 补充资料,,,
2021年是不是亏钱卖了什么东西？,2021年报的非经常性损益里，“非流动资产处置损益”是 -679万。,2022-04-16 金盘科技：2021年年度报告.pdf,第十节 财务报告 / 补充资料,,,
公司库存大吗？（2024年底）,存货22.1亿。,2025-04-03 金盘科技：2024年年度报告.pdf,第三节 管理层讨论与分析 / 资产、负债情况,,,
2023年底呢？,18.0亿。库存增加了。,2025-04-03 金盘科技：2024年年度报告.pdf,第三节 管理层讨论与分析 / 资产、负债情况,,,
2024年存货为啥涨这么多？,2024年报解释说，主要是“发出商品”和“合同履约成本”增加了，因为销售规模扩大，特别是海外业务。,2025-04-03 金盘科技：2024年年度报告.pdf,第三节 管理层讨论与分析 / 资产、负债情况分析,,,
控股股东（元宇投资）的股份变少了吗？,变少了。上市前（2020年）持股55.66%，到2024年底持股27.28%。,2020-05-12 金盘科技(688676).pdf,第五节 发行人基本情况 / 股权结构,,,
（承上）为什么股份比例少了这么多？,一方面是IPO发行新股稀释了，另一方面也可能有减持或转让。,2025-04-03 金盘科技：2024年年度报告.pdf,第七节 股份变动及股东情况,,,
2020年招股书里说的“四大基地”是哪？,海口、武汉、上海、桂林。,2020-05-12 金盘科技(688676).pdf,第六节 业务与技术 / 生产模式,,,
"2020年招股书里那个""VPI""是啥技术？",真空压力浸渍 (Vacuum Pressure Impregnation)，干式变压器的核心工艺之一。,2020-05-12 金盘科技(688676).pdf,第六节 业务与技术 / 核心技术,,,
2025年上半年，除了数据中心，还有啥长得快？,“中低压成套系列”也很快，收入5.48亿，同比增长了160.75%。,2025-08-29 金盘科技：2025年半年度报告.pdf,第三节 管理层讨论与分析 / 主营业务分产品情况,,,
