问题,标准回答,v1,v1打分,v1错误判断,v1错误分析,v2,v2,v1+v2
金盘科技的主要业务是什么,公司专注于变压器系列、成套系列、储能系列等产品的研发、生产及销售 。,"金盘科技的主要业务包括：

- 全球领先的新能源电力系统配套提供商，专注于干式变压器系列、储能系列等产品的研发、生产及销售。
- 提供电能供应解决方案及高端装备，服务于新能源（如风能、太阳能、储能）、新基建、高效节能、轨道交通等多个领域。
- 致力于为制造业企业提供全生命周期数字化工厂整体解决方案。
- 已建立全球化的销售网络，产品销售与服务遍布全国，并覆盖全球6大洲，84个国家与地区。
- 不断拓展储能及数字化整体解决方案新业务，推进自身企业数字化战略，对外输出数字化整体解决方案业务。",1,,,金盘科技的主要业务是中低压各类变压器系列、成套系列、储能系列等产品的研发、生产和销售，并通过数字化制造模式为新能源（含风能、光伏、储能等领域）、AIDC模块化电源装备、新基建、高效节能、轨道交通等全场景提供优质的电能供应解决方案及高端装备。,1,"金盘科技，一家位于中国海南的高新技术企业，专注于电力设备的研发、生产和销售，尤其在数字化智能变压器和相关电力设备领域享有盛誉。公司成立于2008年，凭借其强大的研发能力和创新技术，在行业内迅速崛起。金盘科技的主要业务包括数字化智能干式变压器、高低压成套开关设备、箱式变电站等产品的设计与制造，这些产品广泛应用于新能源发电、轨道交通、工业自动化、数据中心等多个关键基础设施领域。

近年来，随着全球对绿色能源需求的不断增长以及数字化转型步伐的加快，金盘科技积极响应市场需求，通过引入先进的物联网技术和人工智能算法，致力于提供更加高效、节能、智能化的电力解决方案。公司不仅在国内市场占据重要地位，同时也积极开拓海外市场，产品远销欧洲、北美、东南亚等地，成为国际市场上备受认可的电力设备供应商之一。

此外，金盘科技还十分重视可持续发展和社会责任，积极参与各类环保项目，并通过技术创新降低生产过程中的能耗和碳排放，努力实现经济效益与环境保护的双重目标。公司在行业内的持续创新和卓越表现，使其成为了国内乃至全球电力设备领域的佼佼者。"
金盘科技的股票代码是多少,股票代码为 688676,金盘科技的股票代码是688676。这一信息可以从多个材料中找到，例如材料[1]、[2]、[5]等。,1,,,688676,1,688676
金盘科技的法定代表人是谁,公司的法定代表人是李辉,根据材料[4]，金盘科技的法定代表人是李辉。,1,,,李辉,1,根据材料[4]，金盘科技的法定代表人是李辉。
金盘科技2025年前三季度的营业收入是多少,"2025年1-9月，公司实现营业收入5,194,303,709.34元，同比增长8.25% 。
","金盘科技2025年前三季度的营业收入为5,194,303,709.34元。[9][15]",1,,,5194303709.34,1,"金盘科技2025年前三季度的营业收入为5,194,303,709.34元。"
金盘科技2025年前三季度的净利润是多少,"2025年1-9月，归属于上市公司股东的净利润为485,644,896.76元，同比增长20.27%
","根据提供的材料，金盘科技2025年前三季度的净利润为482,498,759.78元。具体引用如下：

[19] 项目: 五、净利润(净亏损以“-”号填列)，2025年前三季度(1-9月): 482,498,759.78，2024年前三季度(1-9月): 400,405,677.55。",0,,,无法从当前提供的上下文信息中直接得出金盘科技2025年前三季度的净利润数据。,0,"根据提供的材料，金盘科技2025年前三季度的净利润为48,564.49万元。
（备注：参数为30/10/50/25/0.25）"
" 2025年上半年，金盘科技在数据中心领域的销售收入增长了多少？
",2025年上半年，公司在数据中心领域销售收入同比增长460.51% 。,根据材料[3]中的信息，2025年上半年，金盘科技在数据中心领域的销售收入同比增长了460.51%。[3],1,,,460.51,1,"根据材料[4]，2025年上半年，金盘科技在数据中心领域的销售收入同比增长了460.51%。具体引用如下：

数据中心领域实现销售收入超5亿元，同比增长460.51%。[4]"
金盘科技有哪些知名的国际客户,"公司的主要客户包括维斯塔斯(VESTAS)、通用电气(GE)、西门子(SIEMENS)、杜克能源(Duke Energy)、茵梦达(Innomotics)、东芝三菱电机等国际知名企业 。
","根据提供的材料，金盘科技拥有以下知名的国际客户：

- 通用电气
- 西门子
- 维斯塔斯

这些国际知名企业与金盘科技建立了长期稳定的业务合作关系。",0.5,,,金盘科技的知名国际客户包括通用电气（GE）、西门子（SIEMENS）、维斯塔斯（VESTAS）、施耐德（Schneider）和东芝三菱电机等。,1,"根据提供的材料，金盘科技拥有以下知名的国际客户：

通用电气 (GE)
西门子 (Siemens)
维斯塔斯 (Vestas)
这些国际知名企业与金盘科技建立了长期稳定的业务合作关系。"
"截至2025年6月30日，金盘科技的在手订单金额是多少？
","截至2025年6月30日，公司在手订单75.40亿元（不含税），同比增长14.89%，其中内销在手订单47.38亿元，外销在手订单28.02亿元 。
",根据材料[18]中的信息，截至2025年6月30日，金盘科技的在手订单金额为81.44亿元。,1,答案问题,"2025-10-14 金盘科技：关于海南金盘智能科技股份有限公司向不特定对象发行可转换公司债券申请文件的审核问询函之回复报告（168页）：具体分析如下：
2025年6月末公司在手订单为81.44亿元，较2024年末增加16.35亿元",无法从现有信息中得出2025年6月30日的在手订单金额。,0,根据提供的材料，无法直接找到截至2025年6月30日金盘科技的在手订单金额的具体数值。材料中提供了金盘科技的财务数据，如净利润、经营活动现金流净额等，但没有提及在手订单金额。因此，无法从材料中确定该具体数值。
"截至2025年6月30日，金盘科技可自由支配的资金有多少？
","截至2025年6月30日，公司可自由支配资金合计61,095.69万元。
","根据材料 [1] 中的数据，截至2025年6月30日，金盘科技的货币资金（即可自由支配的资金）为72,878.15万元。",0,检索问题,把问题中的金盘科技换成“公司”就可以找到正确答案，金盘科技对于检索的影响较大，尝试调参数，调参数也不行，金盘科技对于语义和关键词检索都影响较大,729125700,0,"根据材料[1]，截至2025年6月30日，金盘科技的货币资金为72,878.15万元。这可以视为其可自由支配的资金数额。[1]"
"2024年金盘科技的经营活动现金流量净额为什么是负的？
","2024年公司经营活动产生的现金流量净额为负，主要系公司开发建设海南甲子光伏电站导致经营活动现金流出金额较大以及因光伏行业周期波动导致部分客户回款放缓所致 。
","根据提供的材料，2024年金盘科技的经营活动现金流量净额为负的主要原因可以从以下几点总结：

1. **经营活动现金流入**：2024年度经营活动现金流入小计为6,066,109,955.18元。
   
2. **经营活动现金流出**：2024年度经营活动现金流出小计为6,103,091,232.16元，比2023年的5,172,876,184.26元有较大增长。

3. **现金流量净额**：由于现金流出大于现金流入，导致经营活动产生的现金流量净额为负，具体数值为-36,981,276.98元。

因此，经营活动现金流量净额为负主要是因为经营活动的现金流出超过了现金流入。这可能与公司扩大业务规模、增加原材料采购、支付员工薪酬及税费等支出有关。",0.5,检索问题,找不到,2024年金盘科技经营活动现金流量净额为负的主要原因是：1) 公司业务快速发展，销售回款滞后于收入增长；2) 随着销售订单持续增长，公司需加大原材料采购和增加产品备货，导致付款增加；3) 开发建设甲子光伏电站项目导致经营活动现金流出金额较大；4) 因光伏行业周期波动导致部分客户回款放缓。,1,"根据提供的材料，我们无法直接找到关于2024年金盘科技经营活动现金流量净额为负的具体原因。材料中提到的是经营活动产生的现金流量净额与去年同期相比有所改善，但没有提及具体的负值情况及其原因。因此，无法从现有材料中得出2024年金盘科技经营活动现金流量净额为负的确切原因。

"
"2025年美国对中国商品加征关税对金盘科技有何影响？
","2025年4月初美国对中国商品加征关税大幅提升 。由于美国对中国商品关税政策存在较大不确定性，未来美国对中国商品加征关税税率可能进一步提升，并存在频繁调整的风险，将对公司出口美国市场的相关业务产生不利影响 。
",根据提供的材料，没有直接提到2025年美国对中国商品加征关税对金盘科技的具体影响。材料主要集中在金盘科技的财务状况、业务发展、数字化转型等方面，但未提及关税政策变动对其的影响。因此，无法从现有材料中得出2025年美国对中国商品加征关税对金盘科技的具体影响。,0,检索问题,把问题中的金盘科技换成“公司”就可以找到正确答案，金盘科技对于检索的影响较大，是不是与表格文本化了有关？换成公司后，就不会找到那些带有金盘科技的表格单行内容,2025年美国对中国商品加征关税的不确定性和频繁调整对金盘科技的出口业务和经营业绩产生了不利影响。,1,"根据提供的材料，2025年美国对中国商品加征关税对金盘科技的影响如下：

2025年4月初，美国对中国商品加征关税大幅提升，截至2025年4月10日，美国对中国商品加征关税税率累计达到145%。随后，中美日内瓦经贸会谈后，美国取消了此前对中国商品加征的91%关税，保留54%关税，其中暂停加征24%关税90天，加征的30%关税继续生效。2025年8月12日，中美双方再次宣布暂停加征24%关税90天。[1][3][5][6]

由于美国对中国商品关税政策存在较大不确定性，未来美国可能对中国商品加征关税税率进一步提升，并存在频繁调整的风险，这将对公司直接出口美国市场的相关业务产生不利影响，继而对公司经营业绩产生不利影响。[1][3][5][6]

公司已采取措施应对美国加征关税对公司经营业绩的不利影响，包括与美国客户协商，将部分关税转移至美国客户。[3]

报告期内，公司直接出口及通过美国子公司间接出口至美国的合计收入占当期营业收入的比例分别为1.24%、4.33%、11.42%、8.57%。[6]"
"金盘科技如何应对中美贸易摩擦带来的关税风险？
","公司的应对措施包括：积极与美国客户协商，将2025年加征的部分关税转移至美国客户 ；通过在马来西亚等低关税税率地区建厂 ；扩大在墨西哥通过 Shelter 模式生产后销售至美国的业务规模 ；以及逐步扩大美国子公司在本地生产和销售成套系列产品数量 。
",根据提供的材料，金盘科技并未详细说明具体的应对中美贸易摩擦带来的关税风险的具体措施。材料中多次提到公司产品被美国列入加征关税清单的事实，但没有具体描述公司如何应对这些关税风险。因此，无法从材料中确定金盘科技应对中美贸易摩擦带来的关税风险的具体方法。,0,检索问题,原文为“应对美国加征关税”，query为“中美贸易摩擦”，embedding模型没有关联上，问题改成加征关税后可以找到,金盘科技通过敏感性分析来评估关税变化对公司净利润的影响，并采取相应的风险管理措施。具体措施包括对不同关税水平进行敏感性分析，以评估其对公司净利润的影响。,0,"在当前复杂的国际贸易环境下，金盘科技作为一家专注于电力设备制造的企业，面对中美贸易摩擦所带来的关税风险，采取了一系列积极有效的策略来减轻负面影响并确保业务稳定发展。

首先，金盘科技加大了对国内市场的开拓力度，通过优化产品结构和提升服务质量，满足国内市场日益增长的需求。这不仅减少了对出口美国市场的依赖，还进一步巩固了其在国内市场中的领先地位。据内部数据显示，自2019年以来，公司在国内市场的销售收入实现了年均两位数的增长，有效缓解了因外部环境变化而产生的压力。

其次，在供应链管理方面，金盘科技灵活调整了采购策略，寻找更多元化的供应商渠道，并加强与现有供应商的合作关系，确保原材料供应的稳定性和成本控制。同时，公司还积极推动供应链本地化，减少对外部供应链的依赖，从而降低潜在的关税冲击风险。

此外，技术创新也是金盘科技应对关税风险的重要手段之一。通过不断加大研发投入，公司成功推出了一系列具有自主知识产权的新产品，这些产品不仅能够更好地适应市场需求变化，还具备较强的国际竞争力。特别是在新能源领域，金盘科技凭借其先进的技术和优质的服务赢得了广泛的客户认可，进一步提升了公司的全球市场份额。

综上所述，面对中美贸易摩擦带来的关税风险，金盘科技通过多元化市场布局、优化供应链管理和持续技术创新等多维度措施，有效地应对了挑战，展现了其强大的韧性和发展潜力。未来，随着全球经济形势的变化以及公司战略的不断深化，金盘科技有望继续保持稳健的发展态势。"
"金盘科技对天镇福光储能有限责任公司的应收账款为何逾期？
","逾期原因为：主管部门储能相关政策及结算细则出台晚于预期，导致该客户储能电站2024年暂未商业运行产生稳定收益，资金暂时较为紧张 。
","金盘科技对天镇福光储能有限责任公司的应收账款逾期的原因是：

- 主管部门储能相关政策及结算细则出台晚于预期，导致该客户储能电站2024年暂未商业运行产生稳定收益，资金暂时较为紧张。[1]",1,,,主管部门储能相关政策及结算细则出台晚于预期，导致天镇福光储能电站2024年暂未商业运行产生稳定收益，资金暂时较为紧张。,1,"金盘科技对天镇福光储能有限责任公司的应收账款逾期的原因是：

主管部门储能相关政策及结算细则出台晚于预期，导致该客户储能电站2024年暂未商业运行产生稳定收益，资金暂时较为紧张。[1]
此外，材料还提到金盘科技已经采取了多项措施来保障应收款项的回款，包括要求天镇福光的股东将其持有的天镇福光100%股权质押给公司，并办理了股权质押手续；要求将公司向天镇福光供应的设备全部抵押给公司，并办理了抵押登记手续；要求将山西天镇源网荷共享储能电站项目经营产生的收费权质押给公司，并办理了电站项目收费权质押手续。[4]"
"金盘科技与甘肃瓜州宝丰风能开发有限公司的质量纠纷是如何处理的？
","双方于2024年4月签署《协议书》，约定原合同总价款调减2,287.71万元 。
","金盘科技与甘肃瓜州宝丰风能开发有限公司的质量纠纷处理情况如下：

1. 2024年3月末，宝丰风能以公司销售箱式变电站中的液浸式变压器使用的变压器油产地不符合要求等为由，要求公司给予销售折让。
2. 公司与宝丰风能协商后，对该订单进行了一定的销售折让，双方于2024年4月签署了《协议书》，约定原合同总价款调减2,287.71万元。
3. 公司内部组织质量部、采购部、相关产品事业部等就此次售后事项进行反思和经验总结，确保后续采购液浸式变压器时，必须取得变压器油厂商的产品质量证明、油质气相色谱试验报告等文件，并对每批次液浸式变压器的油进行抽查复验。[8]",1,,,"金盘科技与甘肃瓜州宝丰风能开发有限公司的质量纠纷通过以下方式处理：公司加强了产品质量管理，对每批次液浸式变压器的油进行抽查复验。双方协商后于2024年4月签署《协议书》，约定原签署的《箱式变电站买卖合同》总价调减2,287.71万元。这些措施有助于提升产品质量管理水平，避免因质量纠纷引发诉讼对公司商誉和业务拓展造成的不利影响。",1,根据提供的材料，无法直接找到金盘科技与甘肃瓜州宝丰风能开发有限公司之间的具体质量纠纷处理细节。材料中提到的是应收账款逾期的情况，原因是客户提出了售后服务需求以及部分设备需要进行消缺处理，但没有详细描述质量纠纷的处理方式。因此，无法从现有材料中确定具体的质量纠纷处理结果。
"截至2025年3月31日，金盘科技有多少研发人员？
","截至2025年3月31日，公司研发人员达410人，占公司总人数17.45% 。
",根据材料[1]，截至2025年3月31日，金盘科技有130名研发人员。[1],0,检索问题,把问题中的金盘科技换成“公司”就可以找到正确答案，受到一行既有“金盘科技”又有“研发人员”的表信息影响，,402,0,根据材料[1]，截至2025年3月31日，金盘科技的研发人数为130人。
"金盘科技的数字化转型带来了哪些效益？
","2020年-2023年，公司已陆续在海口、桂林、武汉等生产基地新建或改造7座数字化工厂 。较数字化产线投产前，人均产量平均超1.4倍、人均产值平均超1.8倍、单位产出额耗用人工成本和制造费用平均下降23% 。
","金盘科技的数字化转型带来了以下效益：

- **经济效益**：
  - “十四五”期间，公司累计营业收入预计较“十三五”期间增长约170%，累计归母净利润预计增长约170%。
  - 人均营业收入预计提升约120%。
  - 2020年以来，公司新建与升级改造了7座数字化工厂，全面投产运营后，产能规模、经营规模、人均效益等核心维度实现了显著突破和跨越式提升。
  
- **生产效率**：
  - 海口数字化工厂的产能2022年较2019年提升了124%，产量提升了103%，产出额提升了163%。
  - 人均产出额2022年较2019年提升了136%。
  - 库存周转次数2022年较2019年上升了185%。

- **可持续发展**：
  - 用电强度和耗水强度分别下降了52%和66%。
  - 数字化工厂年总耗电量中绿电占比达到38%。
  - 实现了从传统制造向数字化制造的根本性跃迁，助力绿色低碳转型，提升资源利用效率。

- **市场拓展**：
  - 产品销往全球6大洲、86个国家，覆盖中高压变压全域的应用领域。
  - 在新能源领域，中标多个大型项目，如中国华电集团有限公司、中国华能集团有限公司等。
  - 数字化整体解决方案新业务在年内取得显著突破，签订订单总金额达4.76亿元（不含税）。",1,,,金盘科技的数字化转型带来了以下主要效益： 1. 业绩显著增长：2021-2023年间实现了业绩的飞跃式增长。 2. 产能大幅提升：海口数字化工厂通过两年运行不断优化，产能较数字化转型前提升124%，人均产出额提升136%。 3. 成本降低：通过数字化转型，有效降低了生产成本。 4. 能耗和排放减少：绿电比例达到38%，用电强度和耗水强度分别下降了53%和68%。 5. 生产效率提高：通过数字化技术，大幅提高了全要素生产效率。 6. 产品品质提升：提高了产品的性能和质量。 7. 数据资产价值转化：积累的数据资源被转化为具有经济价值的资产。,0,"金盘科技的数字化转型带来了以下效益：

经济效益：

“十四五”期间，公司累计营业收入预计较“十三五”期间增长约170%，累计归母净利润预计增长约170%。
人均营业收入预计提升约120%。
海口数字化工厂投产后，产能较数字化转型前提升124%，人均产出额提升136%。
生产效率：

数字化转型提升了企业的产能规模、经营规模、人均效益等核心维度，实现了从传统制造向数字化制造的根本性跃迁。
通过数字化制造技术，有效工作时间大幅提升，成本大幅降低，产品质量及品牌竞争力快速提升。
环境效益：

海口数字化工厂的绿电比例达到38%，用电强度和耗水强度分别下降了52%和66%。
数字化工厂能够提高能源管理水平，为落实减碳路径打下坚实基础，加速企业低碳转型。
技术创新与市场拓展：

自主研发了以Vportal为核心的工业管理软件产品，实现了制造过程的透明化、数据的可视化和品质的可控化。
数字化转型帮助金盘科技获得了国内外客户的认可和青睐，产品销往全球6大洲、86个国家，成为多家国际顶尖电气设备品牌商的战略合作伙伴。
数字化整体解决方案新业务在年内取得显著突破，签订订单总金额达4.76亿元（不含税）。"
金盘公司的注册地址在哪里？,海南省海口市南海大道168-39号 。,"根据材料[4]，金盘公司的注册地址是：

- 海南省海口市南海大道168-39号。",1,,,海南省海口市南海大道168-39号,1,金盘公司的注册地址位于中国海南省海口市南海大道168-39号。
金盘科技的控股股东是谁？,"海南元宇智能科技投资有限公司（简称“元宇投资”）
",根据提供的材料，金盘科技的控股股东是元宇投资，其直接持有金盘科技43.43%的股权。[3][4][5][6][7][8][9][10],1,,,海南元宇智能科技投资有限公司,1,
金盘科技的实际控制人是谁？,李志远和YUQING JING(靖宇清)夫妇 。,根据提供的材料，金盘科技的实际控制人是李志远，他是公司的董事长，并通过元宇投资间接持股99.00%。[14],0.5,检索问题,把问题中的金盘科技换成“公司”就可以找到正确答案，受到行有“金盘科技”且比较短小的表信息影响,李志远和YUQING JING（靖宇清）夫妇,1,根据提供的材料，无法直接确定金盘科技的实际控制人。材料中没有提供关于实际控制人的具体信息。因此，无法从现有材料中得出结论。
"金盘科技首次公开发行股票的保荐人（主承销商）是哪家机构？
",浙商证券股份有限公司。,"根据提供的材料，金盘科技首次公开发行股票的保荐人（主承销商）是浙商证券股份有限公司。[1][2][4][5]

",1,,,浙商证券股份有限公司,1,
金盘科技的财务审计机构是哪家？,中汇会计师事务所(特殊普通合伙)。,金盘科技的财务审计机构是中汇会计师事务所(特殊普通合伙)。这一信息可以从多个材料中找到，例如材料 [2] 和材料 [3]。,1,,,中汇会计师事务所,1,
根据2020年招股说明书，公司的主营业务是什么？,主要从事应用于新能源、高端装备、节能环保等领域的输配电及控制设备产品的研发、生产和销售。,根据2020年招股说明书，公司的主营业务是应用于新能源、高端装备、节能环保等领域的输配电及控制设备产品的研发、生产和销售。具体产品包括但不限于干式变压器（包括特种干式变压器和标准干式变压器）、干式电抗器、中低压成套开关设备、箱式变电站、电力电子设备（包括一体化逆变并网装置、高压静止式动态无功功率补偿及谐波抑制装置（SVG））等。这些产品广泛应用于新能源（含风能、太阳能、智能电网等）、高端装备（含轨道交通、海洋工程等）、节能环保（含高效节能等）、新型基础设施（含数据中心、新能源汽车充电设施等）、工业企业电气配套（含半导体制造等）、传统基础设施、传统发电及供电等领域。[9][10][13][14][16][18][28],1,,,金盘科技主要从事应用于新能源、高端装备、节能环保等领域的输配电及控制设备产品的研发、生产和销售。主要产品包括干式变压器（特种干式变压器和标准干式变压器）、干式电抗器、中低压成套开关设备、箱式变电站、一体化逆变并网装置、SVG等。广泛应用于新能源（含风能、太阳能、智能电网等）、高端装备（含轨道交通、海洋工程等）、节能环保（含高效节能等）、新型基础设施（含数据中心、新能源汽车充电设施等）、工业企业电气配套（含半导体制造等）、传统基础设施、传统发电及供电等领域。,1,
根据2024年年报，公司的主营业务是什么？,专注于中低压各类变压器系列、成套系列、储能系列等产品的研发、生产及销售，并提供数字化工厂整体解决方案。,"根据2024年年报，公司的主营业务包括：

- 数据中心等新基建
- 重要基础设施运营
- 数字化工厂整体解决方案

这些非新能源领域的业务实现了显著增长，有效推动了公司整体营业收入的提升。具体而言，新型基础设施行业销售收入增长了167.43%，数字化整体解决方案业务收入增长了74.04%。此外，公司还从事变压器系列及输配电业务，包括变压器系列、成套系列、安装工程业务、光伏电站业务等。[25]",0.5,,,金盘科技的主营业务是中低压各类变压器系列、成套系列、储能系列等产品的研发、生产及销售，同时提供优质的电能供应解决方案及高端装备，并致力于全生命周期数字化工厂整体解决方案。,1,
根据2020年招股说明书，公司的主要产品包括哪些？,干式变压器、干式电抗器、中低压成套开关设备、箱式变电站、电力电子设备等。,"根据2020年招股说明书，公司的主要产品包括以下几类：

- 干式变压器系列产品（包括特种干式变压器、标准干式变压器、干式电抗器）
- 中低压成套开关设备
- 箱式变电站
- 电力电子设备（包括一体化逆变并网装置、高压静止式动态无功功率补偿及谐波抑制装置（SVG））

这些产品广泛应用于新能源（含风能、太阳能、智能电网等）、高端装备（含轨道交通、海洋工程等）、节能环保（含高效节能等）等领域。[1][2][15][17][25][27][29]",1,,,金盘科技的主要产品包括干式变压器（包括特种干式变压器和标准干式变压器）、干式电抗器、中低压成套开关设备、箱式变电站、一体化逆变并网装置、SVG等输配电及控制设备产品。,1,"根据2020年招股说明书，公司的主要产品包括以下几类：

新能源产业产品：如风力发电专用干式变压器、VPI干式变压器、VPI干式电抗器、环网柜、SVG、箱式变电站、一体化逆变并网装置等。
高端装备产业产品：如轨道交通牵引整流变压器、轨道交通大电流大开断充气柜、舰船专用变压器、海上平台专用变压器、海洋平台专用35kV大电流充气柜等。
节能环保产业产品：如VPI型移相整流变压器、非晶合金变压器、三维立体卷铁芯干式变压器等。
其他产品：如多晶硅还原炉用干式变压器、氢化炉用特种变压器、特种打压变压器、抽水蓄能特种干式变压器、低压开关柜、中置柜等。
新兴领域产品：如一体化直流充电站等。
这些产品广泛应用于新能源、高端装备、节能环保、工业企业电气配套、基础设施、民用住宅、传统发电及供电、新型基础设施等领域。

"
根据2020年招股说明书，公司产品的主要原材料有哪些？,铜线、硅钢片、电气元器件、树脂等。,"根据2020年招股说明书，公司产品的主要原材料包括：

- 电磁线
- 硅钢
- 电气元器件
- 绝缘化工材料
- 普通金属材料

这些原材料对公司产品的成本构成有显著影响，各期末直接材料成本占主营业务成本比例分别为83.49%、83.54%和83.57%。[4][8][10][17]",1,,,金盘科技根据2020年招股说明书，公司产品的主要原材料为硅钢、电磁线、电气元器件、绝缘化工材料等。,1,
2020年招股说明书中的“四大基地”分别指哪里？,海口、武汉、上海、桂林。,"根据提供的材料，2020年招股说明书中的“四大基地”指的是：

- 海口生产基地
- 武汉生产基地
- 上海生产基地
- 桂林生产基地

引用依据为材料 [2] 和 [3] 中提及的“海南金盘智能科技股份有限公司在海口、武汉、上海、桂林建设的四大生产基地”。",1,,,海南金盘智能科技股份有限公司在海口、武汉、上海、桂林建设的四大生产基地,1,
2020年招股说明书提到的海口数字化工厂符合哪个德国标准？,德国工程师协会标准 VDI4499。,"根据提供的材料，2020年招股说明书提到的海口数字化工厂符合德国工程师协会标准 VDI4499。

引用依据：
- [1] 提到“公司依托自身技术研发团队，根据德国工程师协会标准 VDI4499，自主规划、设计‘三大基础’、‘两大仿真’和完整的数字化工厂系统架构。”
- [2] 明确指出“公司依靠智能科技研究院及上海鼎格等自身科技创新团队，自主规划、设计、建设的国内第一家符合德国工程师协会标准 VDI4499 并经德国认证机构 TUV NORD 认证的干式变压器数字化工厂——海口数字化工厂”。",1,,,VDI4499,1,
2020年招股说明书识别了哪些主要风险？,行业周期波动、行业政策变化、原材料价格波动、中美贸易摩擦、毛利率下降、应收账款余额较大等。,"根据提供的材料，2020年招股说明书识别的主要风险包括但不限于以下几点：

- 应收账款余额较大风险
- 发行失败风险
- 行业周期波动的风险
- 市场竞争加剧风险
- 原材料价格波动的风险
- 人力资源风险
- 技术研发风险
- 出口业务风险
- 中美贸易摩擦风险
- 毛利率下降的风险
- 发出商品余额较大风险
- 募集资金投资项目实施风险
- 实际控制人控制的风险

请注意，这些风险点是根据材料中多次提及的内容总结得出的，可能存在不完全列举的情况。",1,,,"金盘科技2020年招股说明书识别的主要风险包括： 1. 在建工程转固新增折旧的风险：公司在建工程余额为15,186.64万元，预计增加固定资产原值37,013.30万元，预计增加年折旧额3,212.08万元。如果公司未来市场及客户开发不利，可能导致利润下滑。 2. 应收账款余额较大风险：应收账款余额较大可能带来的风险。 3. 净资产收益率短期摊薄风险：募集资金到位后，公司股本及净资产将大幅增加，可能导致每股收益和净资产收益率等指标下降。 4. 技术研发风险：研发投入是否均能取得技术成果具有一定的不确定性，若不能保持技术优势，可能导致市场份额下降。 5. 出口业务风险：出口业务可能存在的风险。 6. 法律风险（部分自有及租赁房屋权属瑕疵的风险）：公司子公司金盘上海的部分厂房、宿舍尚未办理房产权属证明，取得相关房产权属证明的时间具有不确定性。",1,
根据2024年年报，公司的产品和服务遍布全球多少个国家？,87个国家。,根据2024年年报，公司的产品和服务遍布全球87个国家。[8],1,,,87,1,
根据2023年年报，公司的产品和服务遍布全球多少个国家？,86个国家。,根据2023年年报，公司的产品和服务遍布全球86个国家。[1][2][6],1,,,84,0,
根据2022年年报，公司的产品和服务遍布全球多少个国家和地区？,84个国家和地区。,根据2022年年报，公司的产品和服务遍布全球84个国家和地区。[6],1,,,84,1,
2022年公司发行的可转换公司债券简称什么？,金盘转债。,2022年公司发行的可转换公司债券简称是“金盘转债”。[1][3][14],1,,,金盘转债,1,
2024年报中提到，公司在全球的产能布局有何新进展？,完成墨西哥基地扩建，筹备美国变压器工厂建设，完成波兰工厂布局并实现首台产品下线。,"根据2024年报中的信息，公司在全球的产能布局有以下新进展：

- 完成了墨西哥基地的扩建。
- 正在筹备美国变压器工厂的建设。
- 已完成波兰工厂的布局，并实现了首台产品的下线。
- 在欧洲建立了波兰工厂和欧洲销售及售后服务总部，预计在第四季度准备好产能，为市场拓展奠定基础。",1,,,金盘科技在2024年全球产能布局方面的新进展包括：在墨西哥扩大了产能，并做好全线产品的产能扩产准备；在欧洲，公司已完成波兰工厂和欧洲销售及售后服务总部的布局，预计2024年第四季度在波兰准备好产能。,1,
2022年7月，公司发布了全球首例什么技术的储能系统？,中高压直挂全液冷热管理技术的储能系统。,2022年7月，公司发布了全球首例中高压直挂全液冷热管理技术的储能系统。[1][2][4],1,,,全液冷热管理技术的直挂35kV大容量储能装备,1,
2020年招股说明书中的“JST USA”是指哪家公司？,"JST Power Equipment, Inc.。","根据提供的材料，“JST USA”是指海南金盘智能科技股份有限公司的间接控股子公司，位于美国，主要从事批发和零售业务。以下是关键信息：

- **主要经营地**：美国
- **注册地**：美国
- **业务性质**：批发和零售业
- **持股比例**：间接持股80.00%
- **取得方式**：同一控制下企业合并

这些信息来源于多个文档，包括财务报表及审计报告。",1,,,"JST USA是指JST Power Equipment, Inc.，这是金盘科技在美国注册的子公司。",1,
2024年报中提到，公司在2024年成功研发了哪款SFC产品？,适用于海拔5000米、容量40000kVA的抽蓄SFC产品。,根据提供的材料，2024年金盘科技成功研发了一款适用于海拔5000米、容量40000kVA的抽蓄SFC产品，并且已经获得了第三方试验报告。因此，2024年报中提到的SFC产品是适用于海拔5000米、容量40000kVA的抽蓄SFC产品。[1],1,,,根据提供的上下文信息，没有提到金盘科技在2024年成功研发的SFC产品。,0,
2020年招股说明书中，公司的“VPI”技术是指什么？,真空压力浸渍（Vacuum Pressure Impregnation）。,"根据2020年的招股说明书，“VPI”技术指的是真空压力浸渍（Vacuum Pressure Impregnation）工艺。这种工艺用于制造干式变压器和电抗器，具有以下特点：

- 产品具有良好的绝缘及导热性能；
- 具有机械强度高、耐候性强等优势。[1]

此外，招股说明书还提到VPI型移相整流变压器技术，它采用VPI真空压力浸渍工艺来解决产品批量生产和有效散热问题。[17]",1,,,VPI技术是指真空压力浸渍（Vacuum Pressure Impregnation）工艺，该工艺使得产品具有良好的绝缘及导热性能，机械强度高、耐候性强等优势。,1,
2024年年报中提到的“AIDC”是指什么？,人工智能数据中心（Artificial Intelligence Data Center）。,"根据提供的材料，2024年年报中提到的“AIDC”是指“AI数据中心”。具体引用如下：

- 数据中心推动用电侧需求高启。根据 Semi Analysis 研究，数据中心电源容量的复合年增长率将从2022-2024年的 $12 - 15\%$ 加速到2025-2028年的 $25\%$ 。全球数据中心IT电力需求（指给服务器供电所计算的电力消耗，不包括制冷等其他设备电力消耗）将从2023年的49GW激增到2026年的96GW，AIDC驱动的电力需求占约40GW，占增量的 $85\%$ 。[1]

- 在数据中心领域，公司凭借低损耗、低噪音、过载能力强、高可靠性、适应长期过载要求等优势，持续为国内外客户提供绿色节能、安全可靠的AIDC模块化电源装备（包含变压器，成套开关电力模块、能源管理等产品）。[2]",1,,,AIDC是指人工智能数据中心，通过人工智能芯片构建服务器集群，提供智能算力服务。,1,
2020年招股说明书中，公司主要产品的应用领域有哪些？,新能源、高端装备、节能环保、新型基础设施、工业企业电气配套等。,"根据2020年的招股说明书，公司主要产品的应用领域包括以下方面：

- 新能源（含风能、太阳能、智能电网等）
- 高端装备（含轨道交通、海洋工程）
- 节能环保（含高效节能）
- 工业企业电气配套
- 基础设施
- 民用住宅
- 传统发电及供电
- 新型基础设施（含数据中心、新能源汽车充电设施）

其中，新能源、高端装备、节能环保这三个领域为主要应用领域，其产品收入占主营业务收入的比例平均超过60%。特别指出的是，新能源-风能、高端装备-轨道交通、节能环保-高效节能这三个领域是公司主要产品的重点应用领域。[1][2][7][8][9]",1,,,金盘科技的主要产品广泛应用于新能源（含风能、太阳能、智能电网等）、高端装备（含轨道交通、海洋工程）、节能环保（含高效节能）、工业企业电气配套、基础设施、民用住宅、传统发电及供电、新型基础设施（含数据中心、新能源汽车充电设施）等领域。其中，新能源（风能）、高端装备（轨道交通）、节能环保（高效节能）是公司主要产品的重点应用领域,1,
2017年公司获得了西门子歌美飒（SIEMENS Gamesa）的什么荣誉？,“最佳创新供应商”。,根据提供的材料，2017年公司获得了西门子歌美飒（SIEMENS Gamesa）授予的“最佳创新供应商”的荣誉。[9],1,,,最佳创新供应商,1,
公司参与制定了哪些国家或行业标准？,GB/T22072-2018（干式非晶合金铁心配电变压器...）、NB/T 10088-2018（户外型光伏逆变成套装置...）等。,"根据提供的材料，公司参与制定的国家或行业标准包括以下几项：

国家标准：

GB/T22072-2018 干式非晶合金铁心配电变压器技术参数和要求
GB/T 8286-2017 矿用隔爆型移动变电站
GB/T1094.11-2022 电力变压器第11部分:干式变压器
行业标准：

NB/T 10088-2018 户外型光伏逆变成套装置技术规范
DL/T 1628-2016 水轮发电机励磁变压器技术条件
JB/T 10693-2007 城市轨道交通用干式牵引整流变压器
地方标准：

DB42/T 1254-2017 逆变型地铁车辆再生制动能量回收装置技术要求
团体标准：

T/HBAS 007-2018 湖北省光伏扶贫电站建设验收规范
以上信息均来自材料中的多个表格和段落。",1,,,金盘科技参与制定了以下国家或行业标准： - 《光伏发电用紧凑型箱变技术规范》 - 《光伏逆变紧凑型箱变升压-体机技术规范》,0.5,根据提供的材料，虽然多次提到公司参与了国家标准、行业标准及地方标准的制定，但没有具体列出公司参与制定的标准名称或类别。因此，无法从这些材料中确定公司具体参与制定了哪些国家或行业标准。[1][2][3][4][5][6][7][8][9][10]
金盘科技2024年的营业收入和归母净利润分别是多少？,营收：69.01亿元；归母净利润：5.74亿元。,根据提供的材料，无法确定金盘科技2024年的营业收入和归母净利润的具体数值。材料中没有提供相关财务数据。,0,检索问题,把问题中的金盘科技换成“公司”就可以找到正确答案，受到行有“金盘科技”且比较短小的表信息影响,"{'营业收入': 6901000000, '归母净利润': None}",0.5,根据提供的材料，无法确定金盘科技2024年的营业收入和归母净利润的具体数值。材料中没有直接提及这两个财务指标的具体金额。因此，无法从材料中获取2024年金盘科技的营业收入和归母净利润的数据。
金盘科技2023年的营业收入和归母净利润分别是多少？,营收：66.68亿元；归母净利润：5.05亿元。,根据提供的材料，无法确定金盘科技2023年的营业收入和归母净利润的具体数值。材料中没有提供相关财务数据。,0,检索问题,把问题中的金盘科技换成“公司”就可以找到正确答案，受到行有“金盘科技”且比较短小的表信息影响," {'营业收入': 66.68, '归母净利润': '未提供'}",0.5,
金盘科技2022年的营业收入和归母净利润分别是多少？,营收：47.46亿元；归母净利润：2.83亿元。,"根据提供的材料，金盘科技2022年的营业收入为47.46亿元。然而，对于归母净利润的具体数值，材料中没有直接提及。因此，可以确定的是：

- 营业收入：47.46亿元 [1]
- 归母净利润：材料中未直接提供具体数值，无法确定。",0.5,检索问题,把问题中的金盘科技换成“公司”就可以找到正确答案，受到行有“金盘科技”且比较短小的表信息影响,"{'营业收入': 4746000000, '归母净利润': 247000000}",0.5,
金盘科技2021年的营业收入和归母净利润分别是多少？,营收：33.03亿元；归母净利润：2.35亿元。,"根据提供的材料，金盘科技2021年的营业收入和归母净利润分别为：

- 营业收入：330,257.66万元 [8]
- 归属于上市公司股东的净利润：23,461.74万元 [8]

以上数据直接引用自材料中的年度报告。",1,,,"{'营业收入': 3303000000, '归母净利润': 112290500}",0.5,
金盘科技2020年的营业收入和归母净利润分别是多少？,营收：24.23亿元；归母净利润：2.32亿元。,"根据提供的材料，金盘科技2020年的营业收入和归母净利润分别是：

- 营业收入: 24.23亿元
- 归母净利润: 2.32亿元

引用来源为材料 [2] 和 [3]。",1,,,"{'营业收入': 242265.06, '归母净利润': '未在提供的上下文中找到'}",0.5,
2020年招股说明书显示，2019年的营业收入和净利润分别是多少？,营收：22.44亿元；净利润：2.10亿元。,"根据提供的材料，2019年的营业收入和净利润分别是：

- 营业收入：224,426.08万元 [4][6][7][8]
- 净利润：20,969.54万元 [4][6][7][8]

请注意，净利润这里指的是归属于公司普通股股东的净利润。如果需要扣除非经常性损益后的净利润，则为17,871.73万元 [9]。",1,,,"{'营业收入': 224426.08, '净利润': 11525.33}",0.5,
2020年招股说明书显示，2018年的营业收入和净利润分别是多少？,营收：21.85亿元；净利润：1.97亿元。,"根据提供的材料，2018年的营业收入和净利润如下：

- 营业收入：2,185,464,100.50元 [6][8][9][10]
- 净利润：196,619,084.40元 [6][8][9][10]

因此，2018年的营业收入为21.85亿元，净利润为1.97亿元。",1,,,"{'营业收入': 218546.41, '净利润': 134520420.8}",0.5,
2020年招股说明书显示，2017年的营业收入和净利润分别是多少？,营收：20.11亿元；净利润：0.65亿元。,"根据提供的材料，2017年的营业收入和净利润分别为：

- 营业收入：501.76万元 [4][5][6][7]
- 净利润：-57.63万元 [4][5][6][7]

请注意，这些数值可能需要根据具体的单位进行调整，例如，如果单位是百万元，则实际数值应相应扩大。",0,数据处理问题,找到了含有2017年底和营业收入和净利润的表，但是其小标题是别的公司，但是返回的时候只返回了整表，没有返回标题,"{'营业收入': 201100, '净利润': 9492690.04}",0.5,
金盘科技2025年半年度的营收和归母净利润分别是多少？,营收：31.54亿元；归母净利润：2.65亿元。,"根据提供的材料，金盘科技2025年半年度的营收和归母净利润分别为：

- 营业收入：3,154,247,915.24元 [1][19]
- 归属于母公司股东的净利润：264,960,571.16元 [1][3]

以上数据直接引用自2025年半年度报告。",1,,,"{'营业收入': 31.54, '归母净利润': 2.65}",1,
金盘科技2024年半年度的营收和归母净利润分别是多少？,营收：29.16亿元；归母净利润：2.22亿元。,"根据提供的材料，金盘科技2024年半年度的营收和归母净利润分别为：

- 营收：未直接提供具体数值。
- 归母净利润：22,246.27万元 [13]。

请注意，材料中没有提供2024年半年度的具体营收数据。",0.5,检索问题,把问题中的金盘科技换成“公司”就可以找到正确答案，受到行有“金盘科技”且比较短小的表信息影响,"{'revenue': 2155188518.95, 'net_profit_attributable_to_parent_company': None}",0,
金盘科技2023年半年度的营收和归母净利润分别是多少？,营收：28.93亿元；归母净利润：1.91亿元。,"根据提供的材料，金盘科技2023年半年度的营收和归母净利润分别为：

- 营业总收入：2,893,375,748.99元 [1]
- 归属于母公司股东的净利润：191,074,786.91元 [1]

因此，金盘科技2023年半年度的营收为28.93亿元，归母净利润为1.91亿元。",1,,,根据现有上下文信息，无法确定金盘科技2023年半年度的营收和归母净利润的具体数值。,0,
金盘科技2022年半年度的营收和归母净利润分别是多少？,营收：19.75亿元；归母净利润：0.96亿元。,根据提供的材料，无法直接找到金盘科技2022年半年度的营收和归母净利润的具体数值。材料中主要提供了2022年全年的数据，而非半年度的数据。因此，无法从材料中确定金盘科技2022年半年度的营收和归母净利润。,0,检索问题,把问题中的金盘科技换成“公司”就可以找到正确答案，受到行有“金盘科技”且比较短小的表信息影响,"{'营业收入': 47.46, '归属于上市公司股东的净利润': 2.47}",0,
金盘科技2021年半年度的营收和归母净利润分别是多少？,营收：14.92亿元；归母净利润：1.12亿元。,"金盘科技2021年半年度的营收和归母净利润分别为：

- 营业收入：149,196.90万元
- 归属于上市公司股东的净利润：11,229.05万元

引用依据为材料 [27]。",1,,,"{'营业收入': 149196.9, '归属于上市公司股东的净利润': 11229.05}",1,
金盘科技2024年的研发投入占营业收入的比例是多少？,5.15%。,根据提供的材料，金盘科技2024年的研发投入占营业收入的比例是5.15%。[1][3],1,,,5.15,1,
金盘科技2023年的研发投入占营业收入的比例是多少？,5.27%。,根据提供的材料，金盘科技2023年的研发投入占营业收入的比例是5.27%。[5][7][10],1,,, 5.27,1,
金盘科技2022年的研发投入占营业收入的比例是多少？,5.21%。,金盘科技2022年的研发投入占营业收入的比例是5.21%。[5][6],1,,,5.21,1,
金盘科技2021年的研发投入占营业收入的比例是多少？,4.77%。,根据提供的材料，金盘科技2021年的研发投入占营业收入的比例是4.77%。这一数据可以从材料 [3] 和 [4] 中找到。,1,,,4.77,1,
2020年招股说明书显示，2019年研发投入占比是多少？,4.52%。,根据提供的材料，2019年金盘科技的研发投入占比是4.52% [1][2][3][4][5]。,1,,,4.52,1,
2025年半年度报告显示，研发投入占比是多少？,4.64%。,2025年半年度报告显示，研发投入占比是4.64%。[1][2],1,,,4.64,1,
2024年半年度报告显示，研发投入占比是多少？,4.97%。,根据提供的材料，2024年半年度报告显示，研发投入占比是4.97%。[2][3],1,,,4.97,1,
2024年公司在手订单金额为多少？,"650,939.22万元。","根据提供的材料，截至2024年6月末，公司在手订单金额为656,227.41万元（不含税）[1]。对于2024年末的具体在手订单金额，材料中没有直接提供该时间点的数据，因此无法从现有材料中确定2024年末的确切在手订单金额。",1,,,650939.22,1,"根据提供的材料，截至2024年6月末，公司在手订单金额为656,227.41万元（不含税）[1]。然而，对于2024年底的具体在手订单金额，材料并未直接提供相关数据，因此无法从现有材料中确定2024年底的确切在手订单金额。"
截至2025年6月30日，公司在手订单金额为多少？,75.40亿元（不含税）。,"根据提供的材料，截至2025年6月30日，公司的在手订单金额为814,396.32万元",1,答案问题,2025-10-14 金盘科技：关于海南金盘智能科技股份有限公司向不特定对象发行可转换公司债券申请文件的审核问询函之回复报告（168页）：具体分析如下：,根据现有上下文信息，无法确定金盘科技截至2025年6月30日在手订单的具体金额。,0,
2024年，公司主营业务收入中，“储能系列”的收入金额是多少？,"52,324.79万元。","根据提供的材料，2024年公司主营业务收入中，“储能系列”的收入金额为523,247,941.34元。此数据来源于2024年年度报告中的多个表格，包括[2]、[5]和[6]。",1,,2025年6月末公司在手订单为81.44亿元，较2024年末增加16.35亿元,无法从提供的上下文中找到金盘科技2024年‘储能系列’的具体收入金额。,0,
2024年，“数字化整体解决方案”的收入金额是多少？,"12,326.71万元。","根据提供的材料，2024年“数字化整体解决方案”的收入金额为123,267,120.66元。[1][2][3]",1,,,476000000,0,
2024年，公司主营业务收入按内销外销划分，外销业务收入是多少？,"198,114.96万元。","根据提供的材料，2024年金盘科技的外销业务收入为198,114.96万元。此数据来源于材料[17]，其中提到：“报告期内，公司实现主营业务收入684,266.19万元，同比增长 $3.27\%$ ；其中，海外销售收入198,114.96万元，同比增长 $68.26\%$”。",1,,,198114.96,1,
2023年，“储能系列”的收入金额是多少？,"41,417.24万元。","根据提供的材料，2023年“储能系列”的收入金额如下：

- 材料 [1] 提供的数据为 335,098,015.69 元。
- 材料 [2] 提供的数据为 414,172,390.04 元。
- 材料 [3] 提供的数据为 335,098,015.69 元。
- 材料 [4] 提供的数据为 414,172,390.04 元。
- 材料 [5] 提供的数据为 41,417.24 万元，即 414,172,400 元。
- 材料 [6] 提供的数据为 414,172,390.04 元。
- 材料 [7] 提供的数据为 41,417.24 万元，即 414,172,400 元。

综合以上信息，可以确认2023年“储能系列”的收入金额为414,172,390.04元。",1,,,641000000,0,
2023年，“数字化整体解决方案”的收入金额是多少？,"7,082.76万元。","2023年，“数字化整体解决方案”的收入金额是70,827,618.12元。[2][4][5]",1,,,根据现有信息，无法确定金盘科技2023年'数字化整体解决方案'的收入金额。,0,
2023年，外销业务收入是多少？,"117,745.07万元。","根据提供的材料，可以确定的是：

- 2023年公司外销订单为19.91亿元，较上年同期增长119.18% [3]。

然而，材料中并未直接提供2023年外销业务收入的具体数值。因此，虽然我们了解到了外销订单的情况，但无法从现有材料中直接得出2023年外销业务收入的确切数额。",0,检索问题,主要被“外销订单19.91亿元”干扰，如果限定在财报类型检索，可以检索的到，意图识别可以再优化？,None,0,
2022年，“储能系列”的收入金额是多少？,"6,401.95万元。","根据提供的材料，2022年“储能系列”的收入金额为64,019,469.03元 [2][3][4]。",1,,,根据现有上下文信息，无法确定金盘科技2022年储能系列的具体收入金额。,0,
2022年，“数字化整体解决方案”的收入金额是多少？,"13,597.80万元。","根据提供的材料，2022年“数字化整体解决方案”的收入金额为：

- 135,977,995.99元 [2]
- 13,597.80万元 [4]

两个数据表示的是同一数值，只是单位不同。因此，2022年“数字化整体解决方案”的收入金额为135,977,995.99元或13,597.80万元。",1,,,None,0,
2020年招股说明书显示，2019年干式变压器系列占比多少？,75.23%。,2019年干式变压器系列的收入占比为75.23% [1][2][7][8][9]。,1,,,75.23,1,
2020年招股说明书显示，2017年箱变系列占比多少？,20.07%。,根据提供的材料，2017年箱变系列占比为20.07%。[1][3][4][5][6][7],1,,,15.6,1,
截至2024年12月31日，公司研发人员数量及占比？,408人，占总人数17.60%。,"根据提供的材料，截至2024年12月31日，公司研发人员数量及占比如下：

- 研发人员数量：408人
- 研发人员占比：17.60%

引用来源：
[5] doc=2025-04-03 金盘科技：2024年年度报告 page=47 type=text",1,,,截至2024年12月31日，金盘科技的研发人员数量为408人，占公司总人数的17.59%。,1,
截至2019年12月31日，占比最高的员工专业类别是什么？,生产人员，849人，占比48.40%。,"根据提供的材料，截至2019年12月31日，占比最高的员工专业类别是生产人员，其平均人数为944人，占总员工平均人数1,920人的比例最高。[1]",0,答案问题,2020-07-29 2019年亏损的原因2019年年末净资产为负的原因对生产经营的影响武汉金盘智能报告p178，有显示2019年度的生产人员为944，与另一个文件有矛盾，无法识别,生产人员,1,
截至2019年12月31日，本科及以上学历员工占比多少？,28.56% (硕士及以上1.82%，本科26.74%)。,无法从提供的材料中确定截至2019年12月31日，本科及以上学历员工的具体占比。材料中未提供相关数据。,0,检索问题,找不到,28.56,1,
截至2019年12月31日，40岁及以下员工占比多少？,82.33% (30岁及以下41.85%，31-40岁40.48%)。,无法从提供的材料中确定截至2019年12月31日，40岁及以下员工的具体占比。材料中没有提供关于员工年龄分布的数据。,0,检索问题,找不到,87.41,0,
2019年，公司前五名客户合计销售收入占比是多少？,34.84%。,2019年，公司前五名客户合计销售收入占比是34.84%。[3],1,,,34.84,1,
2019年，公司的第一大客户是谁？销售收入是多少？,"通用电气(GE)，25,399.66万元。","2019年，公司的第一大客户是通用电气(GE)，销售收入为10,574.21万元。[5]",0.5,检索问题,根本原因是找成了jst usa的信息，但是chunk內没有体现是jst usa的，有两点需要修改：1.返回上下chunk需要合并成一个chunk（上下文信息有关联），2.有些表格文本化会输出无用chunk，一个对chunk清洗，去除10字符以内的chunk，3.返回整表和返回上下chunk的关系需要再思考一下,根据提供的上下文信息，无法确定金盘科技2019年的第一大客户及其销售收入。,0,
2017年，公司的第一大客户是谁？销售收入是多少？,"通用电气(GE)，17,811.26万元。","根据提供的材料，2017年公司的第一大客户是通用电气(GE)，销售收入为17,811.26万元。[6]",1,,, 无法确定,0,
2019年，采购金额占比最高的主要原材料是什么？,电磁线，占比27.08%。,"根据提供的材料，2019年采购金额占比最高的主要原材料是硅钢。具体数据如下：

武汉鑫嘉骏商贸有限公司作为硅钢供应商，2019年的采购金额为28,127.23万元，占原材料总采购比例为19.15% [7]。
在电磁线方面，江西铜业集团铜材有限公司的采购金额为10,923.03万元，占原材料总采购比例为7.44% [7]。
绝缘材料方面，瑞安复合材料(深圳)有限公司和重庆志奇实业有限公司的采购金额分别为1,730.38万元和1,626.56万元，占该原材料总采购比例分别为15.01%和14.11% [2]。
综上所述，硅钢的采购金额占比最高。",0,检索问题,感觉和表格文本化也有关系，出现很多短的chunk，容易引起干扰,电磁线,1,
2017年，采购金额占比最高的主要原材料是什么？,电气元器件，占比25.46%。,根据提供的材料，2017年采购金额占比最高的主要原材料是武汉鑫嘉骏商贸有限公司供应的原材料，其采购金额占比为87.88% [7]。但是，材料中没有明确指出该供应商提供的是哪种原材料。因此，可以确认的是，武汉鑫嘉骏商贸有限公司在2017年的采购金额占比最高，但具体的原材料种类无法从现有材料中确定。,0,检索问题,,硅钢,0,
公司2017-2019年的经营活动现金流量净额分别是多少？,2017年: 0.72亿元; 2018年: 2.28亿元; 2019年: 2.73亿元。,"根据提供的材料，公司2017-2019年的经营活动现金流量净额如下：

- 2019年度: 272,531,397.18元 [10]
- 2018年度: 227,821,667.89元 [10]
- 2017年度: 71,931,205.93元 [10]",1,,," {'2017年度': 7193.12, '2018年度': 22782.17, '2019年度': 27253.14}",1,
公司2021-2023年的经营活动现金流量净额分别是多少？,2021年: 2.53亿元; 2022年: -1.04亿元; 2023年: 2.05亿元。,"根据提供的材料，公司2021-2023年的经营活动现金流量净额如下：

- 2021年：57,217,393.03元 [2]
- 2022年：-104,204,036.59元 [4]
- 2023年：204,958,169.05元 [3]",0.5,数据处理问题,拿成了母公司的数据，但是在“表格”里没有体现，表格需要体现标题信息，如何实现？,"{'2021年': 25286.89, '2022年': -10420.4, '2023年第一季度': -18900}",0.5,
2017-2019年末的应收账款余额分别是多少？,2017年: 7.29亿元; 2018年: 8.75亿元; 2019年: 9.82亿元。,"根据提供的材料，2017-2019年末的应收账款余额如下：

- 2019年末：98,242.85万元 [3]
- 2018年末：87,497.30万元 [3]
- 2017年末：72,938.05万元 [3]",1,,,"{'2017年末': 88.27, '2018年末': 538.9, '2019年末': 263.65}",0,
公司2017-2019年的主营业务毛利率分别是多少？,2017年: 26.78%; 2018年: 26.28%; 2019年: 27.32%。,"根据材料，公司2017-2019年的主营业务毛利率分别是：

- 2017年度: 26.78%
- 2018年度: 26.28%
- 2019年度: 27.32%

引用来源：[2]、[3]、[6]、[7]、[9]、[10]、[22]、[24]",1,,,"{'2017年': 26.78, '2018年': 26.28, '2019年': 27.32}",1,
公司2022年和2023年的主营业务毛利率分别是多少？,2022年: 20.29%; 2023年: 22.81%。,"根据提供的材料，可以得出以下结论：

- 2022年主营业务毛利率为20.25% [1]
- 2023年主营业务毛利率为22.82%，计算方式为 (6,626,059,082.65 - 5,115,433,702.63) / 6,626,059,082.65 * 100% [2]

因此，公司2022年和2023年的主营业务毛利率分别为20.25%和22.82%。",1,,,"{'2022年主营业务毛利率': 22.81, '2023年主营业务毛利率': 25.33}",0,
2024年年报披露的2023年和2024年毛利率分别是多少？,2023年: 22.61%; 2024年: 24.32%。,"根据提供的材料，可以得出以下结论：

- 2024年的毛利率为24.32% [2]
- 2023年的毛利率为22.61%，因为2024年毛利率较2023年同期提升1.71个百分点 [2]

因此，2023年和2024年的毛利率分别为22.61%和24.32%。",1,,," {'2023年毛利率': 22.61, '2024年毛利率': 24.32}",1,
2025年半年度报告披露的2024H1和2025H1的毛利率？,2024年上半年: 23.36%; 2025年上半年: 25.87%。,根据提供的材料，没有直接提及2024年上半年（2024H1）和2025年上半年（2025H1）的具体毛利率数据。因此，无法从材料中确定2024H1和2025H1的毛利率。,0,,,"{'2024H1': 23.09, '2025H1': 25.87}",0.5,
截至2024年12月31日，公司的总资产和总负债？,总资产: 96.16亿元; 总负债: 51.69亿元。,"根据提供的材料，截至2024年12月31日，公司的总资产和总负债如下：

- 总资产：9,616,022,655.06元 [4]
- 总负债：5,169,492,684.14元 [4]

请注意，这些数字来源于2024年年度报告，是截至2024年12月31日的数据。",1,,,"{'总资产': 8773141202.25, '总负债': 4427042807.73}",0,
截至2023年12月31日，公司的总资产和总负债？,总资产: 85.29亿元; 总负债: 52.32亿元。,"根据提供的材料，截至2023年12月31日，公司的总资产和总负债如下：

- 总资产：8,528,594,576.23元 [2]
- 总负债：5,232,061,122.20元 [3]

请注意，这些数据来源于2023年年度报告和审计报告。",1,,,"{'总资产': 85.29, '总负债': 52.32}",1,
对比2023年，金盘科技2024年营收和净利润增速有何差异？,营收增长3.50%，归母净利润增长13.82%。净利润增速明显快于营收增速。,"根据提供的材料，可以得出以下结论：

- 2024年金盘科技的营业收入同比增长率为3.27% [7]。
- 2023年金盘科技的营业收入同比增长率为40.77% [14]。

因此，相较于2023年，2024年的营业收入增长率显著降低。

关于净利润的增长率，材料中没有直接提供2024年全年净利润的具体增长率，但是提供了2024年上半年的数据，即同比增长16.43% [17]。由于没有2023年全年的净利润增长率数据，我们无法直接比较2023年和2024年的净利润增长率。因此，对于净利润增速的差异，无法从现有材料中确定。",0,,,2023年净利润增速显著高于2024年，分别为70.00%至90.00%和13.82%。2024年营业收入增速为3.27%，但没有直接提供2023年的营业收入增速数据。总体来看，2024年的净利润和营业收入增速均低于2023年。,0.5,
2024年净利润增速快于营收增速的可能原因是什么？,2024年毛利率为24.32%，较2023年同期提升了1.71个百分点。毛利率提升是主要原因之一。,"根据提供的材料，2024年净利润增速快于营收增速的可能原因包括：

- **销售毛利率与盈利能力提升**：公司通过优化客户结构及进项税额加计等措施，销售毛利率与盈利能力稳步提升 [2]。
- **财务费用减少**：财务费用比上年递减28.26%，主要系可转债转股，利息支出减少所致 [1]。
- **外销收入增长**：外销收入同比上年增长68.26%，这有助于提升整体利润率 [2]。
- **成本控制**：尽管营业收入增长3.50%，但营业成本仅增长1.21%，表明公司在成本控制方面取得了成效 [11]。

综上所述，这些因素共同作用导致了净利润增速高于营收增速。",0,,,金盘科技2024年净利润增速快于营收增速的可能原因是毛利率提升、费用控制、非经常性损益、产品结构优化以及优质客户订单占比提升。,0.5,
对比2022年，金盘科技2023年营收和净利润增长情况如何？,2023年营收增长40.50%，归母净利润增长78.15%。净利润增速远高于营收增速。,"根据提供的材料，可以得出以下结论：

- 2022年，金盘科技实现营业收入47.46亿元，同比增长43.69%；实现归属于上市公司股东的净利润2.83亿元，同比增长20.74% [9][17]。
- 2023年，金盘科技实现主营业务收入662,605.91万元，同比增长40.77% [14]。

然而，对于2023年的净利润增长情况，材料中没有直接提供具体的数值或百分比增长情况，仅提到公司经营业绩向“上”增长 [2]。因此，无法从材料中确定2023年净利润的具体增长情况。",0,,,2023年，金盘科技的营业收入相比2022年增长了约40.5%，净利润增长了约108.3%。,0.5,
2023年净利润增速远快于营收增速的主要原因是什么？,营收大幅增长；数字化工厂降本增效；材料价格下降及优质客户占比提升导致毛利率上升；管理费用率下降。,"根据提供的材料，2023年净利润增速远快于营收增速的主要原因包括：

1. 销售收入增长显著，营业收入同比增长40.50%。
2. 数字化工厂的投入带来了规模效应，提高了生产效率，降低了单位制造成本。
3. 技术创新和研发能力的提升进一步实现了降本增效，销售毛利率有所上升。
4. 材料价格下降以及优质客户占比提升也对毛利率的提高起到了积极作用。
5. 管理费用占营业收入比例进一步下降，有助于提升净利润率。

这些因素共同作用，使得净利润增速超过了营业收入的增长速度。[2][3][6][11]",1,,,金盘科技2023年净利润增速远快于营收增速的主要原因是公司通过数字化转型降低了单位制造成本和管理费用，提高了销售毛利率，并且管理费用占销售比有所下降。,1,
对比2020年，金盘科技2021年营收和净利润增长情况如何？,2021年营收增长36.32%，归母净利润增长仅1.31%。净利润增速远低于营收增速。,"根据材料[1]和[14]，金盘科技2021年的营收和净利润增长情况如下：

- 营业收入：2021年实现营业收入330,257.66万元，较上年同期增长36.32%。
- 净利润：2021年实现归属于上市公司股东的净利润23,461.74万元，较上年同期增长1.31%。

总结：
- 2021年营收增长显著，达到36.32%。
- 2021年净利润增长相对较小，仅为1.31%。",1,,,"2021年，金盘科技的营业收入相比2020年增长了约35.56%。净利润方面，2021年上半年净利润为11,229.05万元，较2020年全年净利润23,158.81万元有所下降，但由于全年数据未直接给出，具体全年净利润的增长情况无法准确计算。",0,
2021年净利润增速远低于营收增速的主要原因是什么？,大宗材料（如电解铜）价格大幅上涨；海外疫情导致外销业务运费明显上涨。,"2021年净利润增速远低于营收增速的主要原因如下：

1. 大宗商品价格大幅上涨：2021年有色金属和硅钢片等大宗材料价格较大幅度上涨，其中电解铜价格平均上涨约40.39%，各种型号硅钢片价格涨幅在9.87%-22.14%之间，导致产品销售价格增长滞后于材料采购价格增长，从而影响了净利润率。

2. 汇率变动影响：由于汇率变动，上年同期获得较大金额汇兑收益，而本报告期出现了汇兑损失，这进一步降低了本期的净利润率。具体而言，上年同期获得775.34万元汇兑收益，而本报告期汇兑损失842.94万元。

3. 运费上涨：2021年受海外疫情影响，外销业务运费出现明显上涨，这也对利润产生了负面影响。[4][7]",1,,,2021年金盘科技净利润增速远低于营收增速的主要原因是原材料市场价格上涨导致公司主营业务毛利率下降。,1,
2024年公司外销业务增长率是多少？其背后原因是什么？,2024年外销业务收入同比增长68.26%。原因是公司实施全球化战略，完成了墨西哥基地扩建、筹备美国工厂等。,"根据提供的材料，2024年公司外销业务增长率是68.26%。其背后的原因主要包括以下几点：

- 公司深挖内部潜能，优化资源配置，把握市场机遇，迅速开拓海外市场。
- 多元化布局助力公司整体营业收入实现增长。
- 通过优化客户结构及进项税额加计等正面影响，销售毛利率与盈利能力稳步提升。
- 公司在手订单中，外销在手订单同比增长180.16%，显示出强劲的市场拓展实力。
- 公司积极参加国际展会和论坛，拓展国际视野，把握行业最新动态，对接全球业务机会。",1,,,金盘科技2024年外销业务增长率为68.26%。其背后的原因包括： 1. 参加国际展会，展示技术实力与产品优势，促进与国际客户的深入合作，提升品牌国际影响力。 2. 拓宽国际市场渠道，提升对海外市场的供应能力和服务水平。 3. 扩大全球产能布局，如在墨西哥和波兰的工厂建设。,1,
2025年上半年公司数据中心领域销售收入增长情况如何？,销售收入超5亿元，同比大幅增长460.51%。,"2025年上半年，金盘科技在数据中心领域的销售收入增长情况如下：

- 数据中心领域的销售收入超5亿元，同比大幅增长460.51%。
- 其中，数据中心电源模块销售收入同比增长100.25%。

参考材料：[1] 和 [2]",1,,,金盘科技2025年上半年在数据中心领域的销售收入超过5亿元，同比增长460.51%。,1,
2024年公司数据中心订单增长情况如何？,报告期内（2024年），公司数据中心订单同比增长603.68%。,"根据提供的材料，2024年公司数据中心订单增长情况如下：

- 公司在2024年签订了140余份数中心订单。
- 数据中心订单同比增长了603.68%，显示出强劲的增长势头。[4][6]

因此，可以明确的是，2024年公司数据中心订单实现了显著增长。",1,,,,,
2023年公司哪个业务板块增长最快？增长动力是什么？,储能系列业务，同比增长546.95%。动力是中高压直挂全液冷储能系统新业务实现快速发展，新承接订单大增。,"根据提供的材料，2023年公司增长最快的业务板块是储能系列，其增长动力主要来源于“双碳”政策的稳步推进以及新能源行业发展的良好环境。具体数据如下：

- 储能系列：2023年度收入为41,417.24万元，2022年度收入为6,401.95万元，变动比例高达546.95% [1]。

其他业务板块的增长情况如下：
- 变压器系列：变动比例为25.23%
- 成套系列：变动比例为59.81%
- 安装工程业务：变动比例为34.32%
- 光伏电站业务：变动比例为266.99%

因此，储能系列的增长最为显著。",1,,,,,
2024年公司经营活动现金流量净额为何是负值？,"为-3,698.13万元。主要原因是参与新能源开发业务导致现金流出2.47亿元，及应收账款回款延后。","根据提供的材料，2024年公司经营活动现金流量净额为负值的主要原因包括：

1. 参与新能源开发业务，报告期经营性现金流出2.47亿元，项目尚未投入运营；
2. 受项目进度、手续办理等因素影响，应收账款回款延后。

具体数值如下：
- 经营活动现金流入小计：6,066,109,955.18元
- 经营活动现金流出小计：6,103,091,232.16元
- 经营活动产生的现金流量净额：-36,981,276.98元

这些因素导致经营活动产生的现金流量净额为负值。",1,,,,,
2022年公司经营活动现金流量净额为何是负值？,"为-10,420.40万元。主要原因是2022年第四季度经济下行，货款回收受到影响。","根据提供的材料，2022年公司经营活动现金流量净额为负值的主要原因如下：

- 主要系第四季度经济下行影响货款回收，导致经营活动产生的现金流量低于预期。[2]

具体表现为：
- 经营活动现金流入小计为3,683,489,804.08元，而经营活动现金流出小计为3,787,693,840.67元，两者相抵后产生负值。[8]
- 经营活动产生的现金流量净额为-104,204,036.59元，相比2021年的252,868,872.19元有显著下降。[2][8]

因此，可以总结，2022年公司经营活动现金流量净额为负值主要是由于经济下行导致的货款回收困难。",1,,,,,
数字化转型（海口数字化工厂）对生产效率和成本有何影响？,2022年报披露：相比2019年，产能提升约124%，人均产出额提升约136%，单位kVA工费成本下降超过15%。,"数字化转型（海口数字化工厂）对生产效率和成本的影响如下：

- 生产效率提升：
    - 2021年海口数字化工厂较传统工厂产能提升超100%，产量提升约95%，产出额提升约86%。
    - 人均产出额提升约67%，人均产量提升约76%。
    - 库存周转次数提升超110%。

- 成本下降：
    - 制造车间的单位kVA工费成本较转型前下降超过15%。
    - 单位产出额工费成本较转型前下降超过30%。
    - 各车间综合有效工时占比较转型前提升82%。

这些数据表明，数字化转型显著提升了生产效率，降低了生产成本。",0.5,,,,,
2021-2023年公司的研发投入总额变化趋势？,持续大幅增长。2021年1.58亿元，2022年2.47亿元，2023年3.51亿元。,"根据提供的材料，2021-2023年金盘科技的研发投入总额变化趋势如下：

- 2021年度：157,580,846.71元
- 2022年度：247,138,364.20元
- 2023年度：351,076,772.02元

变化趋势表现为逐年上升，具体增幅如下：
- 2022年度相比2021年度增长了56.83%
- 2023年度相比2022年度增长了42.06%

参考资料：
[1], [2], [3], [5]",1,,,,,
公司2024年研发投入资本化的比重为何从0变为0.79%？,因为公司根据《企业数据资源相关会计处理暂行规定》，将新开发的新能源集控数据资产等相关研发投入进行了资本化。,"根据提供的材料，公司2024年研发投入资本化的比重从0变为0.79%，主要原因是：

- 公司根据财政部制定的《企业数据资源相关会计处理暂行规定》，对新开发的新能源集控数据资产及虚拟电厂数据资产进行了入表，相关研发投入进行了资本化。[14]

具体数据如下：

- 2024年度资本化研发投入金额为2,806,444.74元。[1]
- 2024年度研发投入合计为355,625,807.12元。[1]
- 2024年度研发投入资本化的比重为0.79%。[1]

因此，可以得出结论，公司2024年研发投入资本化的比重增加是由于新的会计处理规定导致的数据资产资本化。",1,,,,,
分析2017-2019年应收账款变化趋势。,"呈逐年上升趋势 (2017年7.29亿, 2018年8.75亿, 2019年9.82亿)。招股书将其列为重大风险。","根据提供的材料，2017-2019年应收账款的变化趋势如下：

- 2017年末应收账款余额为72,938.05万元；
- 2018年末应收账款余额为87,497.30万元；
- 2019年末应收账款余额为98,242.85万元。

从上述数据可以看出，2017年至2019年间，应收账款余额呈现逐年上升的趋势。具体来说，2018年比2017年增长了约19.92%，而2019年比2018年增长了约12.31%。这表明在这三年间，公司的应收账款规模持续扩大。[8]",1,,,,,
2017-2019年毛利率与2022-2023年毛利率相比有何变化？,2022-2023年毛利率(约20%-23%)相较于2017-2019年(约26%-27%)有明显下降。,"根据提供的材料，我们可以对比2022年和2023年的毛利率，但没有直接提供2017-2019年的数据，因此无法直接比较2017-2019年与2022-2023年的毛利率变化。以下是2022年和2023年的毛利率信息：

- 2022年公司整体毛利率为20.25%，相比上一年减少了3.14个百分点。
- 2023年公司整体毛利率为22.8%，相比2022年增加了2.55个百分点。

综上所述，虽然我们能够看到2022年和2023年的毛利率变化，但由于缺乏2017-2019年的具体数据，无法直接回答2017-2019年与2022-2023年毛利率的具体变化情况。",0,,,,,
2025H1报告中提到的“AIDC”和“SST”技术是什么？,AIDC：人工智能数据中心；SST：固态变压器。公司已完成10kV/2.4MW SST样机，适用于HVDC800V供电架构。,"根据提供的材料，“AIDC”指的是人工智能数据中心，而“SST”指的是固态变压器。以下是具体的描述：

- AIDC（人工智能数据中心）：作为新型智能算力核心基础设施，它深度融合高性能计算、大规模存储、先进AI算法及云计算服务，为高性能计算任务提供核心算力底座。随着全球AI技术快速发展，AIDC的电力需求高速增长，预计将在规模化AIDC中得到广泛应用。

- SST（固态变压器）：是一种高度集成的电力转换设备，采用高频变换技术，能够实现电网交流电至800V直流的直接高效转换，具备高效电能转换、快速响应、高度集成等优点。SST可以减少供电路径，降低系统损耗，特别适用于高功率、高压AIDC的下一代选择。公司已成功开发10kV12.4MW SST样机，转换效率可达98%，处于行业内先进水平。",1,,,,,
2024年，公司的数据中心业务取得了怎样的增长？,2024年数据中心订单同比增长603.68%，签订了140余份数据中心订单。,"根据提供的材料，2024年金盘科技的数据中心业务取得了显著增长：

- 公司签订了140余份数中心订单。
- 数据中心订单同比增长了603.68%。

这些数据表明公司在数据中心领域实现了强劲的增长。",1,,,,,
2025年上半年，数据中心电源模块销售收入增长情况如何？,同比增长100.25%。,"2025年上半年，金盘科技的数据中心电源模块销售收入同比增长了100.25%。这一增长情况表明公司在该领域的销售收入有了显著的增长。[5][7]

要点列表：
- 数据中心电源模块销售收入同比增长：100.25%
- 时间段：2025年上半年",1,,,,,
金盘科技现在谁说了算？老板是谁？,公司负责人（法定代表人）是李辉。,根据提供的材料，无法直接确定金盘科技的具体老板或实际控制人。材料主要涉及金盘科技的股票发行、配售以及其子公司的情况，但没有提供关于公司实际控制人的具体信息。因此，无法从材料中确定金盘科技的老板是谁。,0,,,,,
真正控制这家公司的是谁？,实际控制人是李志远和YUQING JING(靖宇清)夫妇。,"根据提供的材料，真正控制这家公司的是李志远和YUQING JING（靖宇清），二人是夫妻关系。具体控制情况如下：

- 李志远通过元宇投资间接控制公司股份比例：
  - 2020年：48.25%
  - 2022年：43.43%
  - 2023年：43.29%

- YUQING JING（靖宇清）通过金榜国际间接控制公司股份比例：
  - 2020年：7.04%
  - 2022年：6.33%
  - 2023年：6.31%

- 李志远和YUQING JING（靖宇清）夫妇合计控制公司股份比例：
  - 2020年：55.29%
  - 2022年：49.76%
  - 2023年：49.60%

这些数据表明，尽管控制比例有所变化，但李志远和YUQING JING（靖宇清）夫妇始终是公司的实际控制人。",1,,,,,
这家公司是哪的？总部在哪？,在海南省海口市。,"根据提供的材料，可以确定的是海南金盘智能科技股份有限公司位于海南，但具体总部位置没有在材料中明确提及。因此，答案如下：

- 公司所在地：海南
- 总部位置：无法从材料中确定。",0,,,,,
帮他们上市的是哪家券商？,浙商证券股份有限公司。,根据提供的材料，帮金盘科技上市的券商是浙商证券股份有限公司。这一信息可以从多个文档中找到，例如文档[4]和文档[6]至文档[10]。,1,,,,,
他们的账是谁审的？换过吗？,近几年（2021-2024年）都是中汇会计师事务所(特殊普通合伙)。,"根据提供的材料，金盘科技的账目是由中汇会计师事务所（特殊普通合伙）审计的。材料中没有提到会计师事务所发生过变更。以下是相关信息的总结：

- **审计机构**：中汇会计师事务所（特殊普通合伙）
- **审计年限**：6年
- **注册会计师姓名**：谢贤庆、张煌
- **是否有更换过审计机构**：材料中未提及更换过审计机构

因此，他们的账目是由中汇会计师事务所审计的，且材料中没有显示有过更换。",1,,,,,
公司股票代码多少？,688676,"根据提供的材料，海南金盘智能科技股份有限公司的股票代码是688676。引用如下：

- [1] 股票代码，海南金盘智能科技股份有限公司: 688676。
- [2] 股票代码: 688676。
- [3] 股票代码: 688676。
- [4] 股票代码: 688676。
- [5] 股票代码：688676。
- [6] STOCK CODE 688676。
- [7] 股票代码:，海南金盘智能科技股份有限公司: 688676。
- [8] 股票代码，海南金盘智能科技股份有限公司: 688676。
- [10] 股票代码：688676。",1,,,,,
他们那个债券叫啥？,金盘转债。,根据提供的材料，他们那个债券叫做“金盘转债”。[4][8][9],1,,,,,
这公司到底是干嘛的？,主要是做输配电及控制设备（如变压器、成套设备），也做储能，还给工厂提供数字化解决方案。,"根据提供的材料，金盘科技的主要业务包括：

- 变压器系列、成套系列、储能系列等产品的研发、生产及销售。
- 为制造业企业提供全生命周期数字化工厂整体解决方案。

此外，公司还涉及以下活动：

- 经济业绩方面，2023年的营业收入为6.668亿元，总资产为8.529亿元，归属于上市公司股东的净利润为505万元。
- 公司积极参与ESG（环境、社会和公司治理）活动，例如公共福利与慈善捐赠。
- 公司在科创板上市，涉及股票发行、配售等资本市场活动。
- 公司设有海外子公司，如JST Global Energy Group Pte.Ltd. 和 JST Smart Technology Malaysia Sdn.Bhd.，但这些子公司目前没有实际经营业务。",1,,,,,
刚上市那会儿（2020年）他们是干嘛的？,差不多，主要也是做新能源、高端装备等领域的输配电及控制设备。,"根据提供的材料，2020年刚上市的时候，该公司（金盘科技）并没有实际经营业务。具体信息如下：

- 注册资本：2,000万元人民币。
- 注册地：海南省澄迈县老城经济开发区南一环路69号海口综合保税区跨境电商产业园国际商务中心213-14室。
- 主要生产经营地：无实际经营业务。
- 主营业务：无实际经营业务。
- 股东构成：金盘科技持股90.00%，电气研究院持股10.00%。[1][4][5]",0,,,,,
他们的老本行（变压器）现在还占大头吗？,是的。2024年“中低压变压器系列”收入35.8亿，占主营业务约52%。,"根据提供的材料，可以得出以下结论：

- 2020年，变压器系列产品占总收入的79.90%。
- 2021年，该比例下降至74.81%。
- 2022年，进一步降至68.87%。
- 2023年第一季度，占比为67.08%。
- 2024年第一季度，占比为55.45%。

由此可见，尽管变压器系列产品仍然是金盘科技的主要收入来源，但其占比逐年下降，表明公司在逐步多元化其业务。因此，可以说他们的老本行（变压器）仍然占据大头，但比例正在逐渐减少。",0.5,,,,,
2024年干得怎么样？赚了多少钱？,挺好。营收69.01亿，归母净利润5.74亿。,"根据提供的材料，金盘科技在2024年的业绩如下：

- 营业收入：69.01亿元，同比增长3.50% [13]
- 归属于上市公司股东的净利润：5.74亿元，同比增长13.82% [13]

具体财务数据包括：
- 营业收入：6,900,859,224.75元 [2]
- 营业成本：5,222,892,575.03元 [2]
- 销售费用：263,519,306.56元 [2]
- 管理费用：352,096,526.69元 [2]
- 财务费用：28,481,118.29元 [2]
- 研发费用：352,819,362.38元 [2]
- 经营活动产生的现金流量净额：-36,981,276.98元 [2]
- 投资活动产生的现金流量净额：-437,526,607.95元 [2]
- 筹资活动产生的现金流量净额：242,913,005.53元 [2]

综上所述，金盘科技在2024年实现了5.74亿元的净利润，相比2023年有所增长。",1,,,,,
2023年干得怎么样？赚了多少钱？是不是增长很快？,2023年很不错，营收66.68亿，净利润5.05亿，净利润增长了78.15%。,"根据提供的材料，可以得出以下结论：

- 2023年金盘科技的营业收入为66.68亿元，相比2022年的47.46亿元增长了40.50%。
- 2023年归属于上市公司股东的净利润为5.05亿元，相比2022年的2.83亿元增长了78.15%。
- 2023年归属于上市公司股东的扣除非经常性损益的净利润为4.81亿元，相比2022年的2.35亿元增长了104.92%。

综上所述，2023年金盘科技的业绩表现良好，收入和利润均实现了显著增长。",1,,,,,
2022年业绩如何？,营收47.46亿，净利润2.83亿。,"根据提供的材料，金盘科技2022年的业绩表现如下：

- 营业收入：47.46亿元，同比增长43.69% [4][15][18]
- 归属于上市公司股东的净利润：2.83亿元，同比增长20.74% [4][15][18]
- 归属于上市公司股东的扣除非经常性损益的净利润：2.35亿元，同比增长16.16% [4][15][18]
- 经营活动产生的现金流量净额：-1.04亿元，同比下降141.21% [4][15][18]
- 基本每股收益：0.67元，同比增长17.54% [4][15][18]
- 稀释每股收益：0.67元，同比增长17.54% [4][15][18]
- 加权平均净资产收益率：10.86%，同比增加0.57个百分点 [4][15][18]
- 研发投入占营业收入的比例：5.21%，同比增加0.44个百分点 [4][15][18]

综上所述，金盘科技2022年的营业收入和净利润均实现了显著增长，但经营活动产生的现金流量净额有所下降。",1,,,,,
刚上市那年（2021年）业绩呢？,营收33.03亿，净利润2.35亿。,"根据提供的材料，金盘科技在2021年的业绩考核目标如下：

- 营业收入目标值：30.28亿元
- 营业收入触发值：27.86亿元
- 净利润目标值：2.66亿元
- 净利润触发值：2.55亿元

请注意，这些数值是作为股权激励计划的考核目标设定的，并不一定代表实际达成的业绩数据。因此，具体的2021年业绩是否达到这些目标值或触发值，材料中并未提供明确信息。",0,,,,,
上市前（2019年）一年能做多大生意？,2019年营收22.44亿。,"根据提供的材料，2019年（上市前一年），该公司的总销售额为1,986.70万元 [1][5]。这表明公司在上市前一年的生意规模大约为1,986.70万元。",0,,,,,
2025年过半了，业绩跟得上吗？,2025上半年营收31.54亿 (增8.16%)，净利润2.65亿 (增19.08%)，还不错。,"根据提供的材料，可以得出以下结论：

- 2025年上半年，金盘科技的营业总收入为3,154,247,915.24元，相比2024年的2,916,170,519.78元有所增长。
- 2025年上半年，金盘科技的净利润为263,055,568.74元，相比2024年的220,217,260.80元也有所增长。
- 2025年员工持股计划中，对于2025年的考核目标是营业收入达到86.25亿元，净利润达到7.19亿元；触发值分别为75.90亿元和6.61亿元。

综上所述，2025年上半年金盘科技的业绩表现良好，但是否完全符合全年目标还需进一步观察下半年的表现。具体来说：
- 上半年的营业收入为31.54亿元，接近全年目标值的一半。
- 上半年的净利润为2.63亿元，同样接近全年目标值的一半。

因此，从上半年的数据来看，金盘科技的业绩跟得上全年目标，但要达到全年目标仍需保持当前的增长态势。",1,,,,,
2024年上半年和2023年上半年比呢？,2024上半年营收 (29.16亿) 和2023上半年 (28.93亿) 差不多，但利润 (2.22亿) 比2023年 (1.91亿) 多。,"根据提供的材料，对比2024年上半年和2023年上半年的关键数据如下：

- **营业收入**：2024年上半年为291,617.05万元，2023年上半年为289,337.57万元，增长0.79% [17]。
- **归属于上市公司股东的净利润**：2024年上半年为22,246.27万元，2023年上半年为19,107.48万元，增长16.43% [17]。
- **经营活动产生的现金流量净额**：2024年上半年为-7,588.34万元，2023年上半年为-29,397.18万元，由于数值均为负值，增减百分比不适用 [17]。
- **归属于上市公司股东的净资产**：2024年上半年为418,530.27万元，2023年上半年为329,718.80万元，增长26.94% [17]。
- **总资产**：2024年上半年为877,314.12万元，2023年上半年为852,859.46万元，增长2.87% [17]。
- **基本每股收益**：2024年上半年为0.51元/股，2023年上半年为0.45元/股，增长13.33% [18]。
- **加权平均净资产收益率**：2024年上半年为6.25%，2023年上半年为6.50%，减少0.25个百分点 [18]。
- **研发投入占营业收入的比例**：2024年上半年为4.97%，2023年上半年为4.86%，增加0.11个百分点 [18]。

以上数据反映了公司在2024年上半年相比2023年上半年在多个财务指标上的变化情况。",1,,,,,
2023年上半年是不是比2022年上半年好很多？,是的，2023年H1营收 (28.93亿) 比2022年H1 (19.75亿) 增长46.5%，利润 (1.91亿) 更是翻倍 (增长99.9%)。,"根据提供的材料，可以得出以下结论：

- 2023年上半年相比2022年上半年，金盘科技的营业收入增长了46.54%，归属于上市公司股东的净利润增长了99.94%。
- 营业成本也有所增长，但增幅低于营业收入，为40.91%。
- 销售费用、管理费用、研发费用分别增长了54.10%、28.72%、72.63%。
- 经营活动产生的现金流量净额虽然仍为负值，但较去年同期有所改善，减少了约13.23%。
- 投资活动产生的现金流量净额显著增加，增长了4,241.09%。
- 筹资活动产生的现金流量净额则大幅下降，减少了88.33%。

综上所述，2023年上半年相比于2022年上半年，在营业收入和净利润方面表现更好，尽管部分费用和现金流状况存在波动，但整体来看，2023年上半年确实比2022年上半年要好很多。",1,,,,,
2022年上半年是不是不太行？,营收 (19.75亿) 比2021年H1 (14.92亿) 涨了，但利润 (0.96亿) 反而比2021年H1 (1.12亿) 降了。,"根据提供的材料，无法直接得出2022年上半年整体表现是否不佳的结论。材料主要提供了金盘科技2022年半年度的一些财务数据，包括所得税影响、所有者权益变动、资产处置收益、减值损失等，但没有提供足够的信息来全面评估公司上半年的整体经营状况。因此，不能仅凭这些数据判断2022年上半年的表现是否不佳。具体来说：

- 所得税费用为8,636,032.44元（材料[1]）；
- 归属于母公司所有者权益有所增加，增加了20,743,230.17元（材料[2]）；
- 处置未划分为持有待售的非流动资产时确认的收益为59,501.29元，相比2021年同期的-678,049.86元有所改善（材料[3]）；
- 资产减值损失合计为-3,021,073.92元，相比2021年的-4,047,395.54元有所减少（材料[4]）；
- 坏账损失为-19,871,838.06元，相比2021年的-16,968,803.76元有所增加（材料[8]）；
- 投资收益合计为44,819,171.09元，相比2021年的441,313.91元大幅增长（材料[10]）。

综上所述，虽然部分指标显示了改善，但也有指标表明存在压力，因此无法单凭这些数据断定2022年上半年的表现是否不佳。需要更多财务数据和行业背景信息才能做出准确判断。",0,,,,,
2024年营收没怎么涨 (3.5%)，利润倒涨挺多 (13.8%)，为什么？,报告里说主要是毛利率提升了1.71个百分点，更能赚钱了。,"根据提供的材料，2024年金盘科技的营收增长仅为3.5%，但利润增长达到了13.8%，这主要是由于以下几点：

1. **成本控制**：尽管营业成本有所增加，但增幅较小（1.21%），低于营收增长速度，表明公司在成本控制方面取得了成效。
2. **财务费用下降**：财务费用减少了28.26%，主要因为可转债转股，利息支出减少，这直接提升了公司的净利润。
3. **销售费用和管理费用增加**：虽然销售费用增加了27.00%，管理费用增加了26.04%，但这些费用的增长并未完全抵消营收增长和财务费用减少带来的正面影响。
4. **研发投入稳定**：研发费用仅增加了0.50%，占营收的比例也保持稳定，没有对利润造成较大压力。

综上所述，尽管营收增长有限，但通过有效的成本控制和财务费用的减少，公司实现了较高的利润增长。",0.5,,,,,
2021年怎么回事？营收涨 (36%)，利润 (1.3%) 几乎没动？,2021年报解释说，主要是原材料（铜、硅钢片）涨价太猛，还有海运费也涨了很多。,"2021年金盘科技营收增长36.32%，但利润仅增长1.31%，主要原因如下：

- 大宗材料价格大幅上涨：2021年有色金属和硅钢片等大宗材料价格较大幅度上涨，电解铜市场价格平均上涨40.39%，硅钢片市场价格涨幅在9.87%-22.14%之间。
- 运费上涨：受海外疫情影响，外销业务运费上涨。
- 成本增加：营业成本较上年同期增加42.40%，高于营收增幅。
- 研发投入增加：研发费用支出1.58亿元，较上期增加40.82%。

这些因素共同作用导致了利润增长幅度远低于营收增长幅度。",1,,,,,
公司现在多大盘子？（总资产）,截至2025年6月底，总资产102.3亿。,"根据提供的材料，金盘科技在2023年的总资产为8.529亿元 [3]。其他年份的总资产数据如下：
- 2022年12月31日：216,657,640.42元 [2]
- 2020年：40.20亿元 [8][9]
- 2019年：33.02亿元 [8][9]
- 2018年：30.55亿元 [8][9]

请注意，不同来源的数据可能存在差异，因此建议结合具体时间点和上下文来选择合适的数据。",0,提取时间的时候要写清楚年份？用ai来提时间？不仅是输出的时候要写时间,,,,
刚上市（2019年底）时多大盘子（总资产）？,2019年底总资产23.29亿。,根据提供的材料，无法直接找到关于“刚上市（2019年底）时多大盘子”的具体信息。材料中提及的是各公司的财务状况、增资情况以及一些具体的财务数据，但没有明确提到“大盘子”的概念或相关信息。因此，无法从材料中确定刚上市时的具体大盘子规模。,0,,,,,
欠债多吗？（总负债）,截至2025年6月底，总负债55.4亿。,"根据提供的材料，可以得出以下几点关于金盘科技负债的信息：

- 2020年12月31日，金盘科技的负债总额为205,780.98万元 [11]。
- 2019年12月31日，金盘科技的负债总额为153,364.96万元 [2][11][23]。
- 2018年12月31日，金盘科技的负债总额为146,144.51万元 [2][11][23]。

因此，金盘科技的总负债在逐年增加，2020年的负债总额达到了205,780.98万元。",0,,,,,
2024年底欠债多少？,2024年底总负债51.69亿。,"根据提供的材料，2024年底（即2024年年度末）的欠债总额为853,816,609.54元。具体构成如下：

- 抵押借款：97,266,609.54元
- 保证借款：274,550,000.00元
- 信用借款：482,000,000.00元

引用来源：[2]",0,,,,,
他们那个储能业务，2024年做了多少？,2024年“储能系列”收入5.23亿。,"根据提供的材料，金盘科技2024年的储能业务营业收入为523,247,941.34元。这一数据来源于2024年年度报告。[6][10]

请注意，这是全年数据，而非仅上半年的数据。如果需要区分上半年和下半年的具体数值，则需进一步查阅相关资料。",1,,,,,
储能这块是新搞的吗？2022年有多少？,算是新的爆发点。2022年“储能系列”收入才6401万。,"储能并不是新搞的，但根据材料[9]，储能系列在2021年的收入为零，2022年则达到了6,401.95万元，这表明储能业务是在2022年开始显著发展的。同时，材料[1]也显示储能行业在2021年的收入为3,112.64万元，2022年大幅增加至15,759.44万元，同比增长了406.30%。因此，虽然储能业务并非完全新近开始，但在2022年确实得到了快速发展。",1,,,,,
2023年储能业务是不是爆发了？,是的，2023年储能收入4.14亿，比2022年暴增了546.95%。,"根据提供的材料，可以确认2023年储能业务确实爆发了，具体表现为：

- 金盘科技储能系列业务2023年的营业收入为41,417.24万元，相比2022年的6,401.95万元，同比增长了546.95% [2][4][8]。
- 2023年，公司新承接的储能系统订单达到了6.41亿元（不含税），同比增长144.87% [10]。
- 2023年全球新增储能容量约为42GW/99GWh，中国新增新型储能装机规模约2260万千瓦，比2022年底增长超过260% [6][7]。
- 金盘科技在储能业务领域实现了高中低压储能变流器（PCS）、能量管理系统（EMS）、电池管理系统（BMS）等储能系统关键部件及配套的高低压配电设备和变压器的自主研发、设计、制造，以及储能系统集成 [9]。

综上所述，2023年储能业务在金盘科技的业绩中表现出显著的增长，可以认为储能业务爆发了。",1,,,,,
听说他们在搞AI数据中心？这块业务怎么样？,2024年报提到，数据中心订单增长了603.68%。,"根据提供的材料，AI数据中心（AIDC）业务的发展情况如下：

1. **市场需求增长**：2024年全球AI技术迎来应用拐点，AI算力需求快速增长，数据中心是AI发展的重要基础设施。全球云服务商、数据中心运营商等纷纷加大对AIDC的投资建设。

2. **市场规模预测**：
   - 全球AIDC市场规模将由2024年的693.5亿美元增长至2032年的1,788.7亿美元，年均复合年增长率为12.57%。
   - 中国AIDC市场规模将由2024年的约1,000亿元增长至2030年的约6,000亿元，年均复合增长率为34.80%。

3. **新增装机量预测**：
   - 全球AIDC新增装机量将从2024年的7GW增长至2028年的59GW，年均复合增长率高达73%，2028年AIDC新增装机量占数据中心新增装机量的比例将达48%。

4. **公司战略**：金盘科技计划扩大数据中心电源模块等成套系列产品的产能，以满足下游数据中心等领域对公司成套系列产品高速增长的采购需求，助力公司在数据中心等领域大幅提升市场份额，进一步增强公司的盈利能力和核心竞争力。",0.5,,,,,
2025年上半年数据中心这块卖了多少？,卖得很好，2025上半年数据中心领域收入超5亿，同比增长460.51%。,"根据提供的材料，2025年上半年数据中心这块的销售额为56,823.02万元。[2]",1,,,,,
"2025上半年财报里提的""SST""是啥？",固态变压器 (Solid State Transformer)，他们搞了个样机，说适用于数据中心。,"根据提供的材料，2025上半年财报里的""SST""指的是固态变压器（Solid State Transformer）。以下是关于SST的一些关键点：

- 公司成功开发了10kV12.4MW SST样机，具备高效电能转换、快速响应、高度集成等优点，转换效率可达98%，处于行业内先进水平。
- SST采用全SiC方案、级联H桥结构，自主研发和生产交流进线柜（含电抗器）、功率柜（含高频隔离变压器）、直流输出柜等核心部件。
- SST采用独特风道结构，散热效率高，过载能力强；采用宽禁带器件，实现高效率、高功率密度；采用多个模块级联，实现N+1冗余、在线旁路，稳定性高。
- SST运用先进均压算法、均流算法，可靠性高；实现单元级、装置级、系统级全方位保护。
- 2025年8月，公司已完成未来迭代的适用HVDC800V供电架构的固态变压器（SST）样机设计和生产，预计于2025年四季度完成测试、认证工作。",1,,,,,
他们老说的“数字化工厂”是卖给别人的吗？,是的，“数字化整体解决方案”是他们的一个业务，2024年收入1.23亿。,根据提供的材料，无法直接得出“数字化工厂”是否是卖给别人的结论。材料主要描述了金盘科技如何建立和使用自己的数字化工厂，强调其在提升公司运营效率、产品质量和降低成本方面的优势，但没有提到这些工厂是否对外销售。因此，无法从现有材料中确定“数字化工厂”是否是卖给别人的。,0,,,,,
2023年这块业务做了多少？,2023年收入7082.76万。,"根据提供的材料，2023年金盘科技的业务收入如下：

- 主营业务收入：6,626,059,082.65元 [5]
- 其他业务收入：41,520,346.79元 [5]

合计业务收入为6,667,579,429.44元 [5]。",0,,,,,
他们自己的数字化工厂有用吗？吹牛的吧？,2022年报里说，海口数字化工厂运行2年后，产能提升124%，人均产出额提升136%，单位工费成本降了超15%。,"根据提供的材料，金盘科技的数字化工厂是有实际效用的，并非吹嘘。以下是几个关键点：

- **生产效率和盈利能力提升**：2024年数据显示，数字化工厂投产后，人均产量平均超1.4倍、人均产值平均超1.8倍、单位产出额耗用人工成本和制造费用平均下降23%、库存周转率平均超3倍 [4]。

- **技术创新与应用**：海口数字化工厂广泛、深度运用了新一代信息技术，如5G、物联网、工业互联网等，实现了数据信息在人、机器、系统之间的自动传输，形成了数字化设计、生产和运营 [21]。

- **客户柔性化需求满足**：数字化工厂能够通过模拟仿真与优化，满足市场和客户的柔性化需求，缩短生产周期，提升生产效率 [19]。

- **行业认可**：公司或其子公司被评为国家级卓越级智能工厂、绿色工厂，入选工信部2024年《新型工业化案例选》、2024年5G工厂名录等多项荣誉 [18]。

综上所述，金盘科技的数字化工厂不仅在技术层面有所突破，而且在实际运营中也取得了显著成效，因此并非吹嘘。",0.5,,,,,
2022年他们是不是搞了个很牛的储能产品？,是的，2022年7月发布了“全球首例中高压直挂全液冷热管理技术”的储能系统。,"根据提供的材料，可以确认2022年金盘科技确实推出了较为先进的储能产品：

1. 2022年，公司推出了用于发电侧、电网侧和工商业用户侧等全应用场景的中高压直挂（级联）储能系统、低压储能系统等储能全系列产品 [2]。
2. 其中，公司发布的中高压直挂（级联）储能新产品，被行业专家鉴定为国际首例采用全液冷技术的储能系统 [2]。
3. 2022年7月，公司发布了全球首例中高压直挂全液冷热管理技术的储能系统，同时推出低压储能系统等系列产品，覆盖了储能全场景的应用 [24]。
4. 2022年，公司储能系列产品实现零的突破，成为公司新的营收增长点，全年储能系列销售额为6,401.95万元 [10]。

综上所述，2022年金盘科技确实推出了较为先进的储能产品，并且这些产品在市场上取得了初步的成功。",1,,,,,
2024年公司现金流怎么样？（经营活动）,不太好，经营活动现金流是负的 (-3698.13万)。,"根据提供的材料，2024年金盘科技公司的经营活动现金流情况如下：

- 公司经营活动产生的现金流量净额在2024年为-36,981,276.98元，相比2023年的204,958,169.05元，减少了118.04%。
- 2024年1月至3月，公司经营活动产生的现金流净流出3.31亿元，主要由于支付较多到期应付账款和应付票据，以及新能源业务开展前期资金投入加大所致。
- 2024年上半年，经营活动产生的现金流量净额为-139,860,226.11元，而2023年上半年为-326,755,256.51元，表明尽管仍为负值，但较上年同期有所改善。

综上所述，2024年金盘科技公司的经营活动现金流呈现净流出状态，且与2023年相比有显著变化，主要受到新能源业务发展初期资金需求增加的影响。",1,,,,,
2024年为啥现金流是负的？,报告解释说：一是搞新能源开发业务花钱了 (2.47亿)，二是应收账款回款慢了。,"根据提供的材料，2024年现金流为负的主要原因可以从以下几点分析：

1. 经营活动产生的现金流量净额在2024年为-36,981,276.98元，相比2023年的204,958,169.05元大幅下降，减少了118.04% [1][7][9]。

2. 2024年上半年，经营活动产生的现金流量净额为-139,860,226.11元，而经营活动现金流出小计为2,326,923,079.67元，高于经营活动现金流入小计2,187,062,853.56元 [6]。

3. 投资活动产生的现金流量净额在2024年为-437,526,607.95元，虽然筹资活动产生的现金流量净额为正，但不足以弥补经营和投资活动带来的现金流出 [7]。

综上所述，经营活动和投资活动产生的现金流量净额均为负值，导致了2024年整体现金流为负。",0,,,,,
2024年以前现金流也这么差吗？,2022年也是负的 (-1.04亿)，2023年是正的 (2.05亿)。,"根据提供的材料，我们可以看到：

- 2021年，金盘科技的经营性净现金流为2.53亿元；
- 2022年，经营性净现金流变为负值，为-1.04亿元；
- 2023年，经营性净现金流恢复为正值，达到2.05亿元；
- 2024年1月至3月，经营性净现金流再次变为负值，为-3.31亿元。

因此，可以得出结论，在2024年以前，金盘科技的现金流情况并不一直很差，而是经历了正负变化。具体来说，2021年和2023年现金流为正，而2022年则为负。2024年第一季度现金流再次为负，但仅凭一季度的数据不能全面反映整年的现金流状况。",1,,,,,
2022年为啥现金流是负的？,2022年报说，主要是第四季度经济下行，货款回收受影响。,"2022年金盘科技现金流为负的主要原因包括：

1. 收款季节性和新冠疫情的影响导致销售商品、提供劳务收到的现金增长幅度小于营业收入的增长幅度。
2. 由于业务规模扩大及开展储能等新业务，公司支付材料采购款等经营活动现金流出增加。[1][3][7][8][9]",0,,,,,
2025年上半年现金流转正了吗？,转正了。2025年H1经营现金流是1.41亿。,"根据提供的材料，可以确认2025年上半年现金流转正了。具体数据如下：

- 经营活动产生的现金流量净额：2025年半年度为180,193,726.47元 [1]
- 投资活动产生的现金流量净额：2025年半年度为-88,020,294.16元 [1]
- 筹资活动产生的现金流量净额：2025年半年度为-61,426,349.68元 [1]
- 汇率变动对现金及现金等价物的影响：2025年半年度为3,449,571.93元 [1]
- 现金及现金等价物净增加额：2025年半年度为34,196,654.56元 [1]

这些数据表明，尽管投资活动和筹资活动产生了负的现金流量净额，但经营活动产生的现金流量净额为正，且整体上现金及现金等价物净增加额也为正，因此可以确认2025年上半年现金流转正。",0.5,,,,,
2024年上半年现金流呢？,2024年H1是负的 (-3.85亿)。,"根据提供的材料，2024年上半年现金流情况如下：

- 经营活动产生的现金流量净额：-75,883,369.09元 [1][8]
- 投资活动产生的现金流量净额：-287,959,581.23元 [1][8]
- 筹资活动产生的现金流量净额：295,994,671.42元 [1][8]

这些数据表明，尽管经营活动和投资活动产生了负的现金流量净额，但通过筹资活动获得了正向的现金流量净额。",0,,,,,
2025年上半年现金流怎么突然变好了？,2025半年报说，主要是“销售商品、提供劳务收到的现金”大幅增加了。,"根据提供的材料，2025年上半年现金流变好的主要原因包括：

- 经营活动产生的现金流量净额显著改善，从2024年的-75,883,369.09元提升至2025年的234,788,194.63元 [1][3][4]。
- 销售商品、提供劳务收到的现金大幅增加，从2024年的2,615,898,473.31元增加到2025年的3,147,329,516.24元 [4]。
- 收到的税费返还也有所增加，从2024年的27,935,926.40元增加到2025年的42,409,009.50元 [4]。
- 财务费用减少，从2024年的23,711,304.46元下降到2025年的15,415,990.62元，减少了34.98% [3]。
- 经营性应收项目的减少（即应收账款回收）从2024年的-117,344,603.30元减少到2025年的-7,811,128.60元，表明公司加强了应收账款的管理 [1]。
- 经营性应付项目的增加（即应付账款增加）从2024年的-246,239,189.40元增加到2025年的184,150,994.61元，这可能意味着公司在采购方面获得了更长的付款周期 [1]。

这些因素共同作用，使得2025年上半年的现金流状况明显好转。",1,,,,,
公司的应收账款多不多？（2024年底）,27.6亿。,"根据提供的材料，可以确定公司在2024年底的应收账款情况如下：

- 2024年年度末应收账款合计为2,916,825,604.97元 [10][12]。

因此，公司2024年底的应收账款较多。",0,,,,,
2024年底比2023年底的公司应收账款多了还是少了？,多了，2023年底是25.1亿。,"根据提供的材料，可以确定2024年底比2023年底的公司应收账款多。具体数据如下：

- 2023年12月31日应收账款：2,625,341,233.71元 [2]
- 2024年9月30日应收账款：3,130,236,786.06元 [7]

虽然没有直接提供2024年底的数据，但根据2024年第三季度末的数据，应收账款已经超过了2023年底的数值，因此可以推断2024年底的应收账款也会更多。",0,,,,,
刚上市时（2019年底）应收账款多少？,9.82亿。,"根据提供的材料，可以确定2019年底（即2019年末）的应收账款余额为98,242.85万元。[5]

其他年份的数据如下：
- 2018年末：87,497.30万元
- 2017年末：72,938.05万元

这些数据直接来源于材料中的财务报表。",1,,,,,
应收账款多，公司自己怎么看？,在2020年招股书和2024年年报里，都把“应收账款余额较大风险”列为重大风险因素。,"公司对于应收账款较多的看法可以从以下几点总结：

1. **应收账款余额较大风险**：公司认为随着业务规模及营业收入的增长，应收账款余额较大且呈上升趋势，各期末分别为72,938.05万元、87,497.30万元和98,242.85万元。尽管主要客户为国际知名企业、大型国有控股公司或上市公司，信誉良好，但公司仍面临不能按期收回或无法收回上述应收账款的风险，这可能对公司经营业绩产生不利影响 [1][4]。

2. **应收账款年周转率下降**：公司指出应收账款年周转率比上年下降了0.15次，主要是因为销售规模扩大迅速，货款回收有一定的滞后性 [3]。

3. **应收账款结构改善**：公司表示2年以上应收账款占比下降，应收账款质量有所提高 [3]。

4. **应收账款管理措施**：公司持续加强对应收账款的管理及催收工作，以应对应收账款余额较大的风险 [1][4]。

综上所述，公司意识到应收账款余额较大带来的潜在风险，同时也在积极采取措施改善应收账款的质量和管理。",1,,,,,
这公司做生意的毛利率高吗？（2024年）,2024年毛利率24.32%。,"根据提供的材料，金盘科技在2024年的毛利率为24.37%，相较于2023年提升了1.77个百分点。因此，可以认为该公司的毛利率处于中等水平，并且有所提高。具体来看：

- 总体毛利率：24.37%
- 毛利率比上年增加：1.77个百分点

分产品毛利率情况如下：
- 变压器系列：28.53%
- 成套系列：21.26%
- 数字化整体解决方案：15.61%
- 安装工程业务：12.40%
- 储能系列：11.20%
- 光伏电站业务：9.13%

综上所述，金盘科技在2024年的毛利率并不算特别高，但有明显的提升趋势。",1,,,,,
2025上半年毛利率呢？,25.87%，比2024年同期 (23.36%) 提升了。,根据提供的材料，2025年上半年金盘科技的毛利率为25.87%。[6],1,,,,,
2022年毛利率是不是很低？,是的，2022年毛利率只有20.29%。,"根据提供的材料，2022年的毛利率并不是特别低，但相比2021年有所下降。具体来说：

- 2022年公司的毛利率为20.29%，相比2021年有所下降，主要是因为材料价格波动，特别是取向硅钢片的价格上涨了约28%，导致毛利率下降。
- 不过，到了2022年第四季度，毛利率回升至22.35%，显示出一定的恢复趋势。

因此，虽然2022年的毛利率相比之前有所下降，但不能简单地说是“很低”。",1,,,,,
上市前（2017-2019年）毛利率多少？,比较稳定，在26%-27%左右。,根据提供的材料，无法直接得出金盘科技在2017-2019年的具体毛利率数据。材料主要提供了其他公司的财务指标以及金盘科技未来的预测数据，没有提及金盘科技在上市前（2017-2019年）的具体毛利率数值。因此，无法从现有材料中确定该期间的毛利率。,0,,,,,
为什么2022年毛利率那么低？,2022年报说，主要是原材料硅钢片价格比上年同期涨了28%左右，成本上去了。,"2022年毛利率较低的原因主要包括以下几点：

1. 材料价格波动：2022年度，公司毛利率20.29%，较2021年度有所下降，主要是因为材料价格波动，特别是取向硅钢片价格较上年同期上涨约28%，导致原有已签订单材料成本占比大幅上升，从而影响了毛利率水平。

2. 营业成本增加：根据材料，公司2022年的营业成本增长速度高于营业收入的增长速度，例如电气机械和器材制造业的营业成本比上年增减44.99%，而营业收入比上年增减39.17%。这表明成本控制面临挑战，进而影响了毛利率。

3. 新业务发展初期：公司在储能及数字化整体解决方案等新业务上的投入和发展，这些新业务可能在初期阶段利润率较低，但随着业务的成长将为公司未来的发展提供强劲动能。

综上所述，2022年毛利率较低主要是由于材料成本上升和营业成本增速快于营业收入增速所致。",1,,,,,
他们的成本主要是啥？（IPO时）,2020年招股书显示，主要是铜线（电磁线）、硅钢片、电气元器件等。,"根据提供的材料，IPO时的成本主要包括以下几项：

- 承销及保荐费用
- 审计及验资费用
- 律师费用
- 发行手续费

具体的金额未在材料中明确列出。",0,,,,,
2019年采购最多的是啥？,电磁线（铜），占采购总额27.08%。,"根据提供的材料，2019年采购最多的是电磁线，采购金额为39,778.34万元，占总采购金额的27.08%。[1]",1,,,,,
2017年采购最多的是啥呢？,2017年买最多的是电气元器件 (25.46%)。,"根据提供的材料，2017年采购最多的是电气元器件，采购金额为29,369.15万元，占比25.46%。[2][4][5][6][8][9][10]",1,,,,,
公司在研发上舍得花钱吗？（2024年）,2024年研发投入3.55亿，占营收比例5.15%。,"根据提供的材料，可以得出以下结论：

- 2024年金盘科技的研发费用为352,819,362.38元，相比2023年的351,076,772.02元，增长了0.50% [3][7]。
- 2024年上半年的研发费用为144,143,390.58元，相比2023年上半年的140,678,955.95元，增长了2.46% [2][4]。
- 2024年全年研发投入总额占营业收入比例为5.15%，相比2023年的5.27%，减少了0.12个百分点 [7]。

综上所述，公司在2024年的研发投入保持稳定，略有增长，但占营业收入的比例有所下降。因此，可以说公司在研发上的投入是稳定的，但增长幅度不大。",1,,,,,
2023年公司在研发上花多少？,3.51亿，占营收5.27%。,"根据提供的材料，2023年金盘科技在研发上的花费为351,076,772.02元。这一数据可以从多个来源得到验证：

- 材料[1]中显示，2023年年度的研发费用为351,076,772.02元。
- 材料[2]中也提到，2023年的研发费用为351,076,772.02元。
- 材料[4]进一步确认，2023年度的费用化研发投入为351,076,772.02元，且没有资本化研发投入，因此研发投入合计也是这个数值。
- 最后，材料[9]再次确认了2023年度的研发费用为351,076,772.02元。",1,,,,,
2022年公司在研发上花多少？,2.47亿，占营收5.21%。,"2022年公司在研发上的花费为247,138,364.20元。[1][2][4][7][8]",1,,,,,
2021年公司在研发上花多少呢？,1.58亿，占营收4.77%。,"根据提供的材料，2021年公司在研发上的花费为157,580,846.71元。这一数据可以从多个材料中找到，包括[1]、[2]、[3]和[10]。",1,,,,,
2024年搞研发的人多吗？,有408个研发人员，占总人数17.60%。,"根据提供的材料，可以得出以下结论：

- 2024年金盘科技的研发人员数量为408人，相比2023年的394人有所增加。
- 研发人员数量占公司总人数的比例在2024年为17.60%，略低于2023年的17.85%。
- 2024年第一季度至半年度，研发人员数量分别为413人和411人，显示研发人员数量在增长。
- 2024年研发投入持续增加，第一季度达到6102.71万元，半年度数据未提供，但整体趋势表明公司在加大研发投入。

综上所述，2024年金盘科技的研发人员数量较2023年有所增加，且研发投入也在持续增长，这表明2024年从事研发活动的人数相对较多。",1,,,,,
刚上市（2019年）时研发人员多少？,240人，占总人数13.68%。,根据提供的材料，2019年时，武汉金盘智能的研发人员平均人数为300.5人 [1]。同时，材料[2]也提到，各研发机构的合计研发人员数量为300人，这与材料[1]的数据基本一致。因此，可以认为刚上市（2019年）时，研发人员的数量约为300人。,0,,,,,
2024年搞出了什么新东西？,研发了适用于海拔5000米、容量40000kVA的抽蓄SFC产品。,"根据提供的材料，2024年金盘科技在以下几个方面有新的进展：

- **制造模式创新**：新增3项核心技术，包括自研Web服务中间件优化JDBC连接池、优化自主研发前端框架、RCS调度优化 [1]。

- **产品创新及性能提升**：新增7项核心技术，例如40.5kV环保柜绝缘技术、大功率海上漂浮式风电机组配套机舱内置干式变压器技术、110kV高电压等级干式变压器技术等 [11]。

- **储能技术**：新增3项核心技术，包括电池簇充放电流脉动抑制技术、交直流故障在线运维技术、故障隔离与容错控制技术 [11]。

- **知识产权**：新增104项专利申请，69项专利获得授权，涵盖发明专利、实用新型专利、外观设计专利和软件著作权 [5][12]。

- **环境指标**：光伏自消费电力增加至1,273.88万kWh，清洁能源发电量达到1,694.8万kWh，清洁能源使用比例上升至61.35%，温室气体排放减少45.86% [2]。

- **员工培训**：培训次数增加至252次，平均每位员工的培训时间增加至79小时 [2]。

- **经济表现**：收入增长至66.68亿元，净利润增至5.05亿元 [2]。

以上是2024年金盘科技的主要新进展。",0,,,,,
公司员工学历怎么样？（2024年）,38.35% 是本科及以上。,"根据提供的材料，2024年金盘科技公司员工的学历分布如下：

- 博士研究生：4人，占比0.97%
- 硕士研究生：15人，占比3.65%
- 本科：337人，占比82.00%
- 专科：55人，占比13.38%
- 高中及以下：0人，占比0%

总计员工数量为411人。请注意，这些数据仅反映了2024年上半年的情况。全年数据可能有所不同。",0,,,,,
刚上市（2019年）时公司员工学历怎么样？,28.56% 是本科及以上。说明员工学历水平提升了。,无法从提供的材料中确定2019年公司员工的具体学历分布情况。材料中提供了关于员工人数、薪酬等数据，但没有提及员工的学历信息。,0,,,,,
员工总数（2024年底）？,"2,318人。","根据提供的材料，2024年底金盘科技的员工总数为2,318人。[4]",1,,,,,
刚上市（2019年底）时多少人？,"1,754人。","根据提供的材料，无法直接确定公司在2019年底刚上市时的具体人数。材料中提供了2019年的平均人数数据，但这些数据并不能精确反映公司在2019年底刚上市时的人数。具体来说：

- 总员工平均人数在2019年度为1,920人 [7]。

因此，虽然可以知道2019年的平均人数，但没有直接证据表明这个数字就是公司在2019年底刚上市时的确切人数。",0,,,,,
员工主要是干啥的？（2019年数据）,生产人员最多，占48.40%。,"根据提供的材料，2019年员工的主要职责可以归纳为以下几类：

- 销售人员：负责销售业务，2019年的平均人数为192.5人[1]。
- 管理人员：承担管理职能，2019年的平均人数为483人[1]。
- 研发人员：从事研发工作，2019年的平均人数为300.5人[1]。
- 生产人员：负责生产活动，2019年的平均人数为944人[1]。

此外，销售人员内部又细分为销售业务人员和销售内勤人员，其中销售业务人员2019年的平均人数为113.5人，销售内勤人员为79人[7]。",1,,,,,
员工年龄大吗？（2019年数据）,不大，82.33% 都在40岁及以下。,无法从提供的材料中确定员工年龄大小。材料中没有提供关于员工年龄的具体信息。引用材料仅提供了员工数量、增长率及薪酬变化等数据。[1][14],0,,,,,
金盘科技在国外卖得好吗？（2024年）,卖得很好，2024年外销收入19.81亿，增长了68.26%。,"根据提供的材料，可以得出以下结论：

1. 金盘科技在国外市场表现良好，具体表现为：
   - 2024年上半年，公司外销订单实现快速增长。
   - 公司产品和服务已覆盖全球6大洲，87个国家。
   - 已与通用电气、西门子、维斯塔斯等国际知名企业建立了长期稳定的业务合作关系。
   - 在墨西哥、波兰等地进行了产能布局，为拓展国际市场奠定基础。

综上所述，金盘科技在国外市场具有较好的销售表现。",0.5,,,,,
2023年国外卖多少？,11.77亿。,根据材料[5]，2023年金盘科技的外销订单金额为19.91亿元。,0,,,,,
上市前（2019年）国外卖多少？,7.82亿，占主营业务34.83%。,"根据提供的材料，2019年国外直销客户的产品销量如下：

- 干式变压器销量：5,313,739.60
- 干式电抗器销量：345,639.20

合计国外直销客户销量为5,659,378.80。需要注意的是，材料中没有提供关于国外经销商在2019年的销量数据，因此无法提供国外经销商的具体销量。综合来看，2019年国外直销客户销量总计为5,659,378.80。[1]",0,,,,,
他们在国外建厂了吗？,建了。2024年报说，墨西哥基地扩建完成，波兰工厂首台产品下线，还在筹备美国工厂。,"根据提供的材料，可以确认他们确实在国外建厂了。具体信息如下：

- JST USA于2019年10月在佛罗里达州设立子公司Real Estate并购买厂房及土地，计划用于办公经营和开关柜系列产品的研发，未来可能在此进行开关柜系列产品的生产 [4][6][7][8][9][17][18][19][20][21][22][23][24][25][26][27][28]。

- JST USA在墨西哥通过Shelter模式主要进行干式变压器产品的中后段生产 [4][6][7][8][9][17][18][19][20][21][22][23][24][25][26][27][28]。

综上所述，他们在国外（美国佛罗里达州和墨西哥）建有工厂。",0.5,,,,,
他们的东西卖到多少个国家了？（2024年）,87个国家。,根据提供的材料，金盘科技的产品和服务已经覆盖了全球87个国家。这一数据直接来源于材料[1]和材料[11]。因此，可以确认截至2024年，他们的产品卖到了87个国家。,1,,,,,
刚上市时（2020年）卖到多少国家？,招股书说产品远销60多个国家和地区。,根据提供的材料，无法直接确定公司在2020年刚上市时具体销售到了多少个国家。材料提供了不同时间段的销售数据，但没有明确指出2020年初的具体情况。因此，无法从现有材料中得出确切答案。,0,,,,,
他们刚上市时，大客户是谁？,2019年第一大客户是通用电气(GE)，占了11.32%。,根据提供的材料，无法直接确定金盘科技刚上市时的大客户信息。材料中提供了多个年度的前五大客户名单，但没有明确指出哪一年是其刚上市的时间点。因此，无法从现有材料中确定他们刚上市时的大客户是谁。,0,,,,,
2017年第一大客户也是GE吗？,是的，2017、2018、2019年第一大客户都是GE。,"根据提供的材料，2017年第一大客户确实是GE。具体数据如下：

- 2017年度，排名: 1，客户集团名称: 通用电气（GE），销售收入（万元）: 17,811.26，占营业收入比例: 8.86% [2][3][4][5][6][7][8][9][10]。",1,,,,,
2019年前五大客户占多少？依赖大客户吗？,2019年前五大客户占34.84%，不算特别高。,2019年前五大客户占营业收入的比例为34.84%。具体来说，前五大客户分别是通用电气(GE)、维斯塔斯、西门子(SIEMENS)、深圳科士达科技股份有限公司和中国铁路工程集团有限公司，它们分别占营业收入的11.32%、9.38%、6.65%、4.77%和2.72%。从这些数据来看，公司确实依赖大客户，因为前五大客户的收入占比超过了三分之一。[26],1,,,,,
刚上市时，他们觉得自己跟谁竞争？,国际上是西门子、ABB、施耐德；国内是特变电工、中国西电等。,"根据提供的材料，金盘科技在上市时认为自己与以下企业竞争：

- 国际市场上：西门子（SIEMENS）、施耐德（Schneider）、ABB、SGB。
- 国内市场上：西门子（SIEMENS）、ABB、施耐德（Schneider）、顺特电气、江苏华鹏、特变电工。[1][4][11][14][17]",1,,,,,
2020年招股书里说，公司有啥荣誉？,2017年拿过西门子歌美飒的“最佳创新供应商”。,"根据2020年的招股书，金盘科技获得的荣誉包括：

- 2019年制造业与互联网融合发展试点示范项目（工业和信息化部）
- 绿色工厂（工业和信息化部）
- 2017年两化融合管理体系贯标试点企业（工业和信息化部）
- 2015年互联网与工业融合创新试点企业（工业和信息化部）
- 2014年信息化和工业化融合管理体系贯标试点企业（工业和信息化部）
- 国家火炬计划产业化示范项目证书（科学技术部火炬高技术产业开发中心）
- 国家重点新产品证书（科学技术部、商务部、环境保护部、国家质量监督检验检疫总局）
- 国家火炬计划项目验收合格证书（科学技术部火炬高技术产业开发中心）
- “十一五”国家科技计划执行优秀团队奖（科学技术部）
- 国家火炬计划重点高新技术企业证书（科技部火炬高技术产业开发中心）
- 国家火炬计划项目证书（科学技术部火炬高技术产业开发中心）
- 国家级火炬计划项目验收合格证书（科学技术部火炬高技术产业开发中心）
- 国家级火炬计划项目证书（科学技术部火炬高技术产业开发中心）

此外，还有多个省级荣誉，如海南省科学技术奖、海南省政府质量奖等。",0.5,,,,,
公司现在手里订单多吗？（2025年6月底）,挺多，在手订单75.40亿 (不含税)。,"根据提供的材料，可以得出以下结论：

- 截至2025年6月底，公司手里订单金额为814,396.32万元 [1]。
- 该订单金额相比2024年底增加了163,457.10万元，增长率为25.11% [5][10]。

综上所述，公司截至2025年6月底手里的订单金额较高，且相比2024年底有显著增长。",0.5,,,,,
2024年底订单多少？,65.09亿。,根据提供的材料，无法直接找到关于2024年底订单的具体数值。材料中涉及的是财务报表中的各类金额、在建工程、应收款项等信息，但没有明确提及订单数量或金额。因此，无法从现有材料中确定2024年底订单的具体数额。,0,,,,,
2023年底订单是多少呢？,48.61亿。订单增长很快。,根据提供的材料，没有直接提到2023年底订单的具体数值。材料主要提供了关于应收账款、应付账款、合同负债等财务项目的详细数据，但未具体提及订单数量或金额。因此，无法从现有材料中确定2023年底订单的具体数值。,0,,,,,
公司最担心什么风险？（2024年报）,还是老几样：原材料价格波动、市场竞争加剧、全球化运营风险、应收账款回款慢。,根据提供的材料，公司最担心的风险是信用风险。具体来说，信用风险是指交易对手方未能履行合同义务而导致公司产生财务损失的风险，主要产生于银行存款和应收款项等。公司通过多种方式管理和控制信用风险，例如监控债务人的信用记录，设定相关政策以控制信用风险敞口，以及通过适当的多样化投资及业务组合来分散金融工具风险。[1][19],0,,,,,
上市时（2020年）担心什么？,差不多，也是原材料价格、行业政策、中美贸易摩擦、毛利率下降、应收账款。,"根据材料，公司在2020年上市时担心以下几点：

- 投资者认购不足导致的发行失败风险；
- 发行后总市值不满足上市标准导致的发行失败风险；
- 即期回报被摊薄的风险；
- 实际控制人控制的风险。",0,,,,,
公司大方吗？分红不？（2024年）,2024年报提了预案：10股派4.80元 (含税)。,"根据提供的材料，可以得出以下结论：

- 公司大方且分红。具体来说，2024年度现金分红总额为230,149,257.58元，相比上一年度增长了12.4%。此外，最近三个会计年度累计现金分红总额为542,488,725.58元，表明公司在过去几年里持续进行分红。
- 分红比例较高，2024年的现金分红比例达到了119.46%，这表明公司不仅分红，而且分红比例显著高于30%的标准。
- 公司的分红政策符合公司章程的规定或股东大会决议的要求，分红标准和比例明确清晰，相关的决策程序和机制完备，独立董事也发挥了应有的作用，保障了中小股东的利益。

综上所述，金盘科技在2024年大方地进行了分红。",1,,,,,
2023年分红了吗？,分了，10股派4.50元 (含税)。,"根据提供的材料，可以确认金盘科技在2023年进行了分红。以下是关键信息：

- 每10股派发现金红利4.5元（含税）[3][10][15][24][25]
- 现金分红金额（含税）：192,313,139.40元 [5]
- 分红年度合并报表中归属于上市公司普通股股东的净利润：504,660,243.92元 [5]
- 占合并报表中归属于上市公司普通股股东的净利润的比率（%）：38.11% [5]

因此，金盘科技在2023年确实进行了分红。",1,,,,,
2022年分红了吗？,10股派3.00元 (含税)。,"根据提供的材料，可以确认2022年金盘科技进行了分红。具体分红情况如下：

- 每10股派发现金红利2.5元（含税）。
- 合计拟派发现金红利10,675.49万元（含税）。
- 现金分红金额占当年合并报表中归属于上市公司股东净利润的比例为37.69%。

参考材料 [2] 和 [8]。",0,,,,,
2021年分红了吗？,10股派3.00元 (含税)。,"根据提供的材料，可以确认2021年金盘科技进行了分红。具体分红情况如下：

- 每股现金红利为0.2元 [1]
- 股权登记日为2022年5月26日，除权（息）日为2022年5月27日，现金红利发放日也为2022年5月27日 [11]

因此，2021年金盘科技确实进行了分红。",0,,,,,
公司的账本（审计报告）靠谱吗？,至少2021-2024年，审计机构都出的是“标准无保留意见”，意思是没发现大问题。,"根据提供的材料，可以得出以下结论：

1. 公司的财务报告经过了专业会计师事务所的审计，例如中汇会计师事务所（特殊普通合伙）对2019-2021年度的财务报告出具了标准无保留意见的审计报告 [21][23]。
2. 2020年第1季度的财务报表虽然未经审计，但已经中汇会计师事务所审阅，并认为其按照企业会计准则的规定编制，公允反映了公司的财务状况和经营成果 [13][15][17][19]。
3. 公司董事会、监事会及其董事、监事、高级管理人员已出具专项声明，保证财务报表的真实性、准确性及完整性 [13][15][17][19]。

综上所述，公司的账本（审计报告）是可靠的。",1,,,,,
公司拿政府补贴多吗？（2024年）,2024年计入当期损益的政府补助有2581万。,"根据提供的材料，可以得出以下结论：

- 2024年金盘科技获得的政府补助金额较高。具体来看：
    - 2024年第一季度：计入当期损益的政府补助金额为1,285,574.27元 [3]。
    - 2024年上半年：计入当期损益的政府补助金额为15,621,959.53元 [5]。
    - 2024年全年：计入当期损益的政府补助金额为25,814,582.05元 [2]。

综上所述，金盘科技在2024年确实获得了较多的政府补贴。",1,,,,,
2023年公司拿政府补贴多吗？,3271万。,"根据提供的材料，可以得出以下结论：

- 2023年金盘科技确实获得了较多的政府补贴。具体而言，2023年全年计入当期损益的政府补助金额为40,578,153.19元，相比2022年的23,928,228.11元有显著增长。[6]

- 分季度来看，2023年第一季度获得政府补助11,799,319.94元，第三季度获得政府补助35,058,672.63元（年初至第三季度末累计）。[1][2]

综上所述，2023年金盘科技获得的政府补贴金额较多。",0,,,,,
2025年上半年公司拿政府补贴拿了多少？,1472万。,"根据材料[10]，2025年上半年公司拿到的政府补贴总额为21,561,366.27元。具体分类如下：

- 与资产相关：6,841,480.09元
- 与收益相关：14,719,886.18元
- 合计：21,561,366.27元 [10]",0.5,,,,,
2021年是不是亏钱卖了什么东西？,2021年报的非经常性损益里，“非流动资产处置损益”是 -679万。,"根据提供的材料，没有直接证据表明2021年“亏钱卖了什么东西”。材料主要涉及的是各类资产减值损失，而非具体商品销售亏损的情况。以下是相关数据：

- 存货跌价损失及合同履约成本减值损失为-889.18万元 [1]
- 应收票据坏账损失为-3,158,066.32元 [10]
- 应收账款坏账损失为-23,874,508.73元 [10]
- 其他应收款坏账损失为-40,749.17元 [10]

这些数据反映了公司在2021年的资产减值情况，但并不能直接说明公司是否亏钱卖了某种具体商品。因此，无法从材料中确定2021年是否亏钱卖了什么东西。",0,,,,,
公司库存大吗？（2024年底）,存货22.1亿。,"根据提供的材料，2024年底公司的存货为1,087,245,343.89元 [5][8]。相比2023年底的存货1,735,626,697.88元 [1][8]，存货有所下降。因此，可以认为公司在2024年底的库存并不大，相较于前一年度有所减少。",0,,,,,
2023年底公司库存怎么样？,18.0亿。库存增加了。,"根据提供的材料，2023年底公司的库存情况如下：

- 存货金额为1,735,626,697.88元，相比2022年的1,732,823,527.05元，增长了0.16%。[9]

因此，2023年底公司的库存略有增加，但增幅较小。",1,,,,,
2024年存货为啥涨这么多？,2024年报解释说，主要是“发出商品”和“合同履约成本”增加了，因为销售规模扩大，特别是海外业务。,"根据提供的材料，2024年存货增加的具体数额为：

- 2024年末存货账面余额：2,138,543,549.64元
- 2023年末存货账面余额：1,754,777,574.68元

存货增加额：2,138,543,549.64元 - 1,754,777,574.68元 = 383,765,974.96元

但是，材料中没有直接提供存货大幅增长的具体原因。因此，无法从现有材料中确定2024年存货大幅增长的确切原因。",0,,,,,
控股股东（元宇投资）的股份变少了吗？,变少了。上市前（2020年）持股55.66%，到2024年底持股27.28%。,"根据提供的材料，可以得出以下结论：

- 控股股东元宇投资的持股数量没有变化，始终为184,864,203股。
- 元宇投资的持股比例从43.43%下降至40.41% [2]，再到42.57% [8]，最后降至40.41% [6]。

因此，虽然元宇投资的持股数量未发生变化，但其持股比例有所减少，这表明控股股东元宇投资的股份比例变少了。",0,,,,,
为什么控股股东（元宇投资）的股份比例少了这么多？,一方面是IPO发行新股稀释了，另一方面也可能有减持或转让。,"根据提供的材料，控股股东元宇投资的股份比例减少的原因在于公司进行了新股发行，导致总股本增加，而元宇投资持有的股份数量没有变化，从而稀释了其持股比例。具体来说：

- 在首次发行前，元宇投资持有公司 $48.25\%$ 的股份 [10]。
- 发行后，元宇投资的持股数量保持不变，但持股比例降至 $40.41\%$ [6]。

这表明，新股发行增加了公司的总股本，而元宇投资并未增持股份，因此其相对持股比例降低。",1,,,,,
2020年招股书里说的“四大基地”是哪？,海口、武汉、上海、桂林。,"根据提供的材料，2020年招股书里提到的“四大基地”指的是海南金盘智能科技股份有限公司在以下四个城市建设的生产基地：

- 海口
- 武汉
- 上海
- 桂林

这些信息可以在材料[2]、[3]、[4]、[5]、[6]和[10]中找到。",1,,,,,
"2020年招股书里那个""VPI""是啥技术？",真空压力浸渍 (Vacuum Pressure Impregnation)，干式变压器的核心工艺之一。,"根据材料[1]和[7]，2020年招股书里的“VPI”指的是真空压力浸渍(Vacuum Pressure Impregnation)工艺。这种技术用于制造干式变压器和干式电抗器，具有以下特点：

- 产品具有良好的绝缘及导热性能；
- 机械强度高、耐候性强；
- 铁芯采用优质低损耗冷轧硅钢片材料，损耗低，铁芯特性好；
- 线圈采用箔式绕组结构，直流电阻小，抗短路能力强；
- 产品具有体积小、过载能力强、局放小、抗短路能力强、噪音低、效率高、防火性能好、难燃自熄、无可燃性物质及有毒气体、安全环保等显著特点；
- 设计灵活，可户内/户外(需配外壳)使用，满足各种柜体的定制化配套要求；
- 产品获得UL、CE等多个国家的认证。",1,,,,,
2025年上半年，除了数据中心，还有啥长得快？,“中低压成套系列”也很快，收入5.48亿，同比增长了160.75%。,"根据提供的材料，2025年上半年，除了数据中心之外，以下领域也表现出较快的增长趋势：

1. 新型储能：预计2030年中国新型储能累计规模将达到236.1GW-291.2GW，年均复合增长率达20.20%-24.47% [1]。
2. 光伏：2024年中国光伏新增装机量年均复合增长率为78.20%，但2024-2030年均复合增长率降至0.15%-3.44% [11]。
3. AI数据中心（AIDC）：全球AIDC新增装机量将从2024年的7GW增长至2028年的59GW，年均复合增长率高达73% [2]。

请注意，材料中并未直接提及2025年上半年的具体增长情况，上述信息是基于长期预测得出的结论。",0,,,,,
